,5,count
0,AATGG,5956
1,ATGGA,5813
2,TGGAA,6283
3,GGAAG,534
4,GAAGG,543
5,AAGGG,450
6,AGGGA,545
7,GGGAA,512
8,GGAAT,5866
9,GAATG,6242
10,GGGAT,329
11,GGATT,542
12,GATTG,669
13,ATTGG,531
14,TTGGA,980
15,GAAGT,679
16,AAGTG,741
17,AGTGA,411
18,GTGAA,746
19,TGAAT,1189
20,TGGAG,2143
21,GGAGT,1857
22,GAGTG,2067
23,AGTGC,316
24,GTGCA,546
25,TGCAA,1012
26,GCAAT,683
27,CAATG,677
28,AATGC,1093
29,ATGCA,984
30,GCAAA,460
31,CAAAG,891
32,AAAGC,581
33,AAGCA,733
34,AGCAA,408
35,GAATA,722
36,AATAG,741
37,ATAGA,858
38,TAGAA,1124
39,AGAAT,1403
40,GGAAC,381
41,GAACG,232
42,AACGG,269
43,ACGGA,273
44,CGGAA,217
45,GGAAA,1453
46,GAAAG,1178
47,AAAGA,1513
48,AAGAA,1203
49,AGAAA,1627
50,GAAAT,1132
51,AAATG,1224
52,GAATC,1228
53,AATCG,444
54,ATCGA,472
55,TCGAA,705
56,CGAAT,665
57,ATGGG,424
58,TGGGA,486
59,GGATC,168
60,GATCG,45
61,AATCA,791
62,ATCAA,892
63,TCAAA,1386
64,CAAAT,987
65,CAAAC,498
66,AAACG,183
67,AATGA,777
68,ATGAA,960
69,TGAAA,1237
70,AAATC,471
71,GAAAC,1002
72,AAACA,877
73,AACAA,518
74,ACAAA,1145
75,TGGAT,777
76,GATTC,451
77,ATTCG,74
78,TTCGA,102
79,TGCAG,751
80,GCAGT,588
81,CAGTG,407
82,TGAAG,777
83,GAAGC,511
84,AAGCG,129
85,AGCGG,95
86,GCGGA,91
87,CGGAG,127
88,AGTGG,2327
89,GTGGA,2621
90,TAGAG,383
91,AGAGT,715
92,AATGT,762
93,ATGTA,511
94,TGTAG,553
95,GTAGT,235
96,TAGTG,261
97,GTGCG,60
98,TGCGG,83
99,GGAGA,497
100,GAGAA,875
101,GAATT,931
102,AATTG,874
103,ATTGA,1034
104,TTGAT,507
105,TGATA,285
106,GATAG,221
107,ATAGG,329
108,TAGGA,195
109,AGGAA,1223
110,GGAGC,349
111,GAGCA,509
112,AGCAG,588
113,GCAGA,580
114,CAGAA,1111
115,GGAGG,420
116,GAGGA,413
117,AGGAG,447
118,AATAT,898
119,ATATT,884
120,TATTA,216
121,ATTAT,280
122,TTATG,464
123,TATGC,177
124,CAATA,427
125,ATATG,278
126,TATGA,282
127,TTGAA,1690
128,TGAAC,564
129,GAACA,441
130,AACAG,492
131,ACAGA,1302
132,CAGAG,801
133,ATTGT,357
134,TTGTA,534
135,TGTAA,490
136,GTAAT,365
137,TAATG,444
138,TGCAC,453
139,GCACT,304
140,CACTG,325
141,ACTGC,465
142,CTGCA,633
143,ATGTG,804
144,TGTGA,1046
145,GTGAT,464
146,TGATG,552
147,GATGC,148
148,AGTGT,423
149,GTGTA,246
150,TGTAC,195
151,GTACT,106
152,TACTC,154
153,ACTCG,288
154,CTCGA,314
155,TCGAG,153
156,CGAGT,156
157,ATTGC,226
158,TTGCA,591
159,CACTT,444
160,ACTTG,364
161,CTTGA,233
162,TGGAC,760
163,GGACT,669
164,GACTT,255
165,AATCT,719
166,ATCTG,550
167,TCTGA,636
168,CTGAT,225
169,GATGG,352
170,AAGAT,488
171,AGATA,500
172,GATAT,699
173,ATATC,682
174,TATCG,37
175,GCAAG,398
176,CAAGG,284
177,AATAA,614
178,ATAAA,927
179,TAAAA,971
180,AAAAT,897
181,ATGGT,410
182,TGGTA,240
183,GGTAT,213
184,GTATG,216
185,TATGG,332
186,GACTC,358
187,ACTCA,469
188,CTCAA,694
189,TAATT,329
190,TTGAC,175
191,TGACT,190
192,GACTG,487
193,ACTGG,506
194,CTGGG,274
195,GGATG,289
196,CTCGT,48
197,TCGTA,56
198,CGTAT,58
199,GAGCG,140
200,CGGAC,52
201,CGAAA,161
202,AAAGG,1309
203,AAGGT,377
204,AGGTA,203
205,GTATT,264
206,TATTG,317
207,TCAAT,497
208,CAATT,300
209,CAATC,338
210,AAGGA,1191
211,AAAGT,513
212,AAGTA,277
213,AGTAA,225
214,TAATA,293
215,CTGGA,551
216,AACGC,71
217,ACGCA,84
218,CGCAA,75
219,ACTGA,276
220,CTGAA,371
221,AGGAT,277
222,GAAAA,1166
223,AAAAA,2028
224,AAAAG,1496
225,AGAAC,301
226,GAACC,342
227,AACCG,78
228,ACCGA,69
229,CCGAA,79
230,ACTCC,253
231,CTCCA,413
232,TCCAA,585
233,CCAAT,244
234,GAACT,303
235,AACTC,730
236,AAAAC,989
237,AACAT,438
238,ACATT,443
239,CATTC,816
240,ATTCA,756
241,TTCAA,1010
242,GTGGG,284
243,CGAAG,89
244,GGGAG,407
245,AATAC,322
246,ATACA,349
247,TACAA,576
248,ACAAT,318
249,GACTA,148
250,ACTAC,346
251,CTACA,565
252,AGGAC,228
253,CAAAA,1245
254,ATGAG,317
255,TGAGA,798
256,AGAAG,982
257,GATTT,372
258,ATTTG,757
259,TTTGA,1263
260,GAGGG,329
261,AGGGG,266
262,GGGGA,297
263,GAGAG,734
264,AGAGG,433
265,GAGTA,242
266,AGTAG,278
267,GTAGA,552
268,GGATA,447
269,GTGGT,235
270,GAAGA,649
271,AAGAG,585
272,TGAGT,447
273,AGTAT,215
274,ATGGC,290
275,TGGCA,349
276,GGCAG,265
277,GCAGG,259
278,CAGGA,376
279,TCGAT,68
280,CGATC,37
281,GATCA,171
282,ATCAC,448
283,TCACA,1100
284,CACAA,634
285,AGCAT,479
286,GCATT,792
287,CATTG,289
288,CGAAC,72
289,TAGAT,237
290,AGATT,570
291,TGAGG,498
292,GAGGT,236
293,AGGTG,288
294,GGTGG,461
295,AACGA,119
296,ACGAA,148
297,ACTAA,247
298,CTAAA,324
299,AACTG,552
300,TGGTC,151
301,GGTCT,175
302,GTCTC,216
303,TCTCG,71
304,ATTCT,850
305,TTCTA,506
306,TCTAA,262
307,CTAAT,208
308,CGATT,82
309,AGAGA,998
310,GGCAT,299
311,GCATC,208
312,CATCG,87
313,ATGCG,79
314,GCGGT,77
315,CGGTG,106
316,GGTGA,292
317,TGGGG,328
318,GGGGT,220
319,GGGTG,278
320,GGGTT,194
321,GGTTG,166
322,GTTGA,607
323,TTGAG,765
324,GAGTT,658
325,AGTTG,536
326,GAGTC,208
327,AGTCT,240
328,GTCTA,298
329,TAAAG,351
330,TGTAT,289
331,TATGT,501
332,GCAAC,161
333,CAACA,354
334,GGTAA,142
335,AGCGC,142
336,GCGCA,51
337,CGCAG,55
338,CAGGG,291
339,AGGGT,198
340,GGGTA,120
341,TAGAC,272
342,AGACT,347
343,AGTCG,70
344,GTCGA,78
345,TCGAC,40
346,CGACT,42
347,ACTCT,649
348,CTCTA,282
349,TCTAT,325
350,CTATT,290
351,ACTAG,220
352,CTAGA,341
353,TGGGC,181
354,GGGCT,189
355,GGCTC,190
356,GCTCG,52
357,AAATA,1134
358,CGACA,44
359,GACAG,522
360,ACAGG,334
361,TCAAG,240
362,TGGCG,80
363,GGCGT,56
364,GCGTG,66
365,CGTGG,88
366,GGACA,338
367,ATTCC,284
368,TTCCA,573
369,ATATA,394
370,TATAA,300
371,ATAAT,337
372,ACATA,612
373,CATAA,514
374,TGAGC,412
375,GAGCT,254
376,AGCTC,205
377,ACAGT,261
378,CAGTA,169
379,AGTAC,96
380,GTACA,183
381,TACAG,245
382,TGGCC,228
383,GGCCT,578
384,GCCTG,234
385,CCTGG,237
386,TGCGA,46
387,GCGAA,55
388,GGACG,77
389,GACGT,61
390,ACGTG,76
391,CGTGA,69
392,AAATT,592
393,AATTC,397
394,TTCTT,980
395,TCTTT,1346
396,CTTTT,1288
397,TTTTC,810
398,TTTCC,750
399,TTCCT,533
400,TCCTT,507
401,CCTTT,734
402,CTTTC,540
403,TTTCT,1086
404,TCTAG,392
405,ACAAC,220
406,CAACG,80
407,CAGAC,322
408,AGACG,75
409,GACGA,46
410,GTATC,129
411,TATCA,272
412,AGCGA,82
413,AATTT,533
414,ATTTA,412
415,TTTAA,504
416,TTAAT,323
417,AATTA,348
418,ATTAA,332
419,TTAAA,481
420,TAAAT,404
421,AGCAC,312
422,GCACA,466
423,CACAG,835
424,TGGTT,226
425,GGTTT,300
426,GTTTG,316
427,TTTGG,634
428,TGGTG,433
429,GGTGT,206
430,GTGTG,547
431,AGTCA,214
432,GTCAA,168
433,CAAGT,443
434,GATTA,167
435,TTGGC,137
436,GGCAC,170
437,GCACG,69
438,CACGA,77
439,TGGCT,220
440,GCTCA,349
441,CATTT,546
442,CATTA,214
443,ACTTC,508
444,CTTCG,79
445,TTCGG,38
446,TCGGT,35
447,TTAAG,194
448,TAAGT,161
449,GCATG,237
450,CATGG,296
451,TTGGG,238
452,TAATC,167
453,GTCTG,231
454,TCTGT,785
455,CTGTA,236
456,GTCGT,25
457,CGAGG,55
458,GCGAT,66
459,CGATG,52
460,GATGA,381
461,TGTGG,505
462,TCAAC,641
463,CGGAT,63
464,AGGGC,195
465,GGCTG,233
466,GCTGG,226
467,TAGTA,126
468,GTAGG,147
469,TAGGG,134
470,GGGCA,207
471,AACTA,602
472,GCATA,146
473,CATAG,382
474,ATAGT,189
475,GTAAC,117
476,TAACG,49
477,ATAGC,144
478,TAGCA,192
479,CATCA,544
480,TGTGT,586
481,GTGTT,325
482,TGTTG,280
483,ATACG,44
484,TACGA,47
485,ACGAC,31
486,CGACG,17
487,GACGG,70
488,TTTGC,437
489,GGGAC,183
490,AAACT,1364
491,CTGAG,604
492,GTGAC,138
493,TGACA,270
494,GACAT,303
495,TGGGT,225
496,GTAGC,101
497,TAGCT,131
498,AGCTT,289
499,GCTTG,154
500,CTTGG,221
501,AAGTT,563
502,AAGCT,312
503,AGCTA,168
504,GCTAT,132
505,CTATG,334
506,ACGGT,45
507,CGGTA,20
508,ATGTT,400
509,TGTTA,186
510,GTTAT,150
511,TTATA,254
512,TATAG,176
513,GTGGC,241
514,TTCTG,899
515,CTGTG,560
516,TATTT,1037
517,ATTTC,597
518,TTTCA,782
519,TTCAT,594
520,TCATT,324
521,GTTGT,153
522,TTGTG,676
523,ATCGG,49
524,TCGGA,54
525,AAGGC,271
526,AGGCA,326
527,ACATC,382
528,TTGTT,349
529,TTATT,432
530,GGTGC,146
531,GAGAC,349
532,ACGGG,81
533,CGGGT,68
534,ACTTT,500
535,TTTTA,774
536,TTTAG,255
537,TTAGG,125
538,GGTAG,130
539,TAGTT,388
540,AGTTT,1146
541,GTTTA,287
542,TTAGT,165
543,GTGCC,118
544,TGCCA,195
545,GCCAT,198
546,CCATG,229
547,CTTCA,635
548,CTCAG,585
549,TCAGA,597
550,CAGAT,509
551,AGATG,440
552,TTTAT,720
553,TATTC,300
554,ATTAG,178
555,TTAGA,265
556,GACAC,257
557,ACACG,107
558,CACAC,613
559,AGGCG,80
560,GCGTC,25
561,CGTCC,35
562,GTCCA,258
563,CGGTC,26
564,TACAC,335
565,ACACT,428
566,AATCC,250
567,ATCCA,355
568,ATGTC,274
569,TGTCA,224
570,GTCAT,135
571,ATGCT,375
572,TGCTA,162
573,ATCGT,36
574,CGTAC,23
575,GTACG,28
576,ATTAC,156
577,TTACA,289
578,TAACA,248
579,ACATG,310
580,CATGA,262
581,CCAAC,192
582,ATCTA,329
583,GTTGG,185
584,CAGTT,501
585,AGTTC,222
586,GTTCA,398
587,TTCAG,369
588,TCAGT,216
589,TACTG,228
590,ATGAT,270
591,TAAAC,301
592,TGCAT,539
593,TGTCG,36
594,TCGTG,60
595,AGGTT,314
596,TATCT,667
597,ATCTT,645
598,TCTTA,208
599,CTTAT,189
600,CTGGT,189
601,TGATC,164
602,GATCT,195
603,ATCTC,476
604,TAGTC,90
605,GTATA,166
606,TGATT,465
607,TTATC,189
608,AGATC,159
609,AACAC,472
610,ACACA,885
611,TTAAC,213
612,TAACT,225
613,CTCAC,521
614,CACAT,776
615,CATGT,275
616,AACTT,611
617,TACGG,31
618,CGGGA,103
619,CTGAC,162
620,ACGAG,70
621,GGCTT,194
622,CGGGG,74
623,TTCAC,598
624,TCACT,242
625,GGACC,139
626,GACCG,49
627,ACCGG,41
628,CCGGA,41
629,CATAT,314
630,TATAT,327
631,AGTCC,147
632,TCCAG,269
633,CCAGT,170
634,ATAAC,164
635,AGACA,665
636,GACAA,235
637,ACAAG,280
638,CAAGA,267
639,CGTCG,9
640,GACGC,49
641,ACGCG,26
642,CGCGA,25
643,AACCA,297
644,ACCAA,279
645,CCAAA,630
646,GTAAA,295
647,CAACT,601
648,TTGGT,216
649,ATCGC,56
650,TCGCA,49
651,CGCAT,66
652,GCGTT,56
653,CGTTT,128
654,GATGT,452
655,GGCAA,207
656,CGAGA,100
657,CATCT,419
658,GGTTA,94
659,GTTAG,107
660,ATGCC,168
661,TGCCG,36
662,GCCGT,41
663,CCGTG,63
664,GTGAG,470
665,TCCAC,457
666,CCACT,366
667,CACTC,417
668,GGGGC,150
669,TACGT,42
670,ACGTT,77
671,CGTTG,67
672,TACTA,158
673,CTGGC,209
674,AACGT,85
675,ACGTA,74
676,CGTAG,74
677,GCCTC,386
678,CCTCT,255
679,CTCGC,58
680,TCGCT,45
681,CGCTT,111
682,GCTTA,97
683,CTTAA,210
684,GCAGC,232
685,CAGCG,67
686,ATCAT,243
687,TCATA,289
688,TGCTG,298
689,GCTGT,199
690,GTAAG,116
691,TAAGA,191
692,TCATC,376
693,GGTAC,98
694,TCTGG,254
695,ATACT,255
696,CTACG,53
697,ACTTA,178
698,GAGAT,435
699,ATGAC,155
700,GATAC,150
701,AAGAC,344
702,AGACC,200
703,GACCA,157
704,ACCAG,204
705,TTGCG,57
706,TGCGT,61
707,CTCTT,566
708,TCTTC,684
709,TTCGT,112
710,GATAA,196
711,ATAAG,196
712,TAAGG,153
713,TTTAC,234
714,TTACT,169
715,ACCAT,411
716,CCATA,335
717,CATAC,172
718,TGTCT,518
719,GTCTT,269
720,ACTGT,345
721,AGGTC,141
722,GGTCA,118
723,GGGTC,120
724,GTCAC,126
725,TCACG,74
726,CACGT,90
727,GACCT,162
728,ACCTG,216
729,CCTGA,201
730,AGAGC,357
731,TCAGG,260
732,CAGGT,208
733,GACCC,118
734,ACCCG,79
735,CCCGA,67
736,AAGTC,215
737,ATCAG,195
738,ACAGC,197
739,CAGCA,353
740,CTGTT,367
741,GTTAA,165
742,TTGCT,258
743,CCATC,263
744,TAGGT,125
745,GCTAA,131
746,CGTAA,36
747,TACGC,23
748,GTTGC,104
749,GCACC,149
750,CACCA,478
751,AGTTA,206
752,ACCCA,255
753,CCCAA,221
754,GGCGG,96
755,GCGGG,86
756,GAGGC,428
757,ACGCT,59
758,CGCTA,25
759,GCTTT,465
760,CTTTG,977
761,TAGCG,28
762,TATAC,196
763,CACTA,154
764,GCGTA,32
765,GTACC,95
766,TACCG,25
767,GTGTC,156
768,GGTTC,203
769,GTTCG,25
770,AGCTG,261
771,GCTGA,249
772,TAGGC,280
773,AGGCT,262
774,GATCC,117
775,CTTAG,109
776,TACAT,230
777,GAGCC,261
778,AGCCC,247
779,GCCCG,52
780,CCCGG,84
781,CCGGT,24
782,CTAGT,276
783,TCATG,245
784,CATGC,188
785,CTAAC,134
786,CCAGA,264
787,GTTTC,771
788,TTTCG,100
789,CAGTC,158
790,GCGGC,62
791,CGGCG,34
792,GGCGA,50
793,GTGCT,236
794,TGACC,113
795,CCTGT,240
796,TGCGC,43
797,GGGGG,171
798,CGTGC,49
799,CACGG,67
800,TCCAT,288
801,CCATT,306
802,CCGAT,31
803,CGATA,34
804,CTCCC,262
805,TCCCA,329
806,CCCAT,236
807,GCTGC,168
808,CCGAG,82
809,TGTCC,257
810,GTCCC,123
811,TCCCC,161
812,CCCCG,80
813,GCTTC,352
814,CCAGG,300
815,CCTCA,465
816,TACTT,240
817,CGTGT,59
818,ATTTT,722
819,TGTGC,449
820,GCTAC,84
821,CGCGG,42
822,ACGAT,40
823,TTGCC,137
824,CTATC,256
825,GTTCT,215
826,TTCTC,598
827,TCTCA,778
828,GCTAG,109
829,CTAGC,108
830,TAGCC,96
831,AGCCA,276
832,GCCAA,200
833,GCCAC,166
834,CCACG,62
835,CGGGC,69
836,GTCGC,24
837,TCGCG,19
838,CGCGT,17
839,CTCAT,262
840,CTGTC,406
841,TCTAC,436
842,CTACT,250
843,ACGGC,38
844,CGGCA,59
845,CAAGC,142
846,TCAGC,247
847,CAGGC,278
848,GTCCT,143
849,TCCTG,237
850,CGGTT,29
851,AGCGT,45
852,AAGCC,203
853,CCAAG,219
854,TTAGC,94
855,CTGCC,214
856,CTTAC,100
857,TAAGC,143
858,GCGAG,52
859,GCCAG,212
860,AAACC,366
861,CTTTA,240
862,TTGTC,199
863,GGCTA,101
864,TGACG,57
865,ATACC,192
866,TACCA,219
867,AGGCC,589
868,GCCTA,295
869,CCTAG,137
870,AACCC,227
871,CCCAG,286
872,CTATA,185
873,CCTCG,84
874,CAACC,179
875,TGTTT,707
876,GTTTT,907
877,TTTTG,1333
878,CTCTG,540
879,GCCTT,196
880,CCTTG,189
881,CCTTC,283
882,TATCC,280
883,TCCTC,236
884,CCACA,407
885,CTCGG,75
886,TCGGG,54
887,GTTAC,87
888,CGAGC,46
889,ACCTC,223
890,TCTCT,654
891,GGGCC,131
892,CAGCT,226
893,CTTCT,832
894,TCTTG,222
895,CTTGT,199
896,TGTTC,268
897,GTTCC,117
898,TTCCG,54
899,TCCGA,33
900,CCGTA,29
901,AGCCT,222
902,CTTCC,282
903,TCACC,277
904,CACCT,234
905,CTCTC,463
906,TTTGT,1049
907,TCTGC,546
908,GCCCT,231
909,CCCTT,317
910,GGTCC,107
911,TCCTA,179
912,CCTAT,359
913,TTTTT,1629
914,ACCGC,63
915,CCGCT,60
916,ACCTT,311
917,TCGTT,75
918,CGTTA,23
919,ACCGT,54
920,CCGTT,72
921,CGTTC,62
922,TGCTT,474
923,ACCCT,170
924,AACCT,391
925,CCCTC,222
926,CATCC,178
927,ATCCG,39
928,TCCGT,62
929,TTCCC,273
930,GCGCT,132
931,CGGCT,47
932,TTACC,101
933,TACCT,203
934,ACCTA,240
935,CCTAA,168
936,TTCGC,26
937,ACTAT,249
938,ATCCT,209
939,CTACC,171
940,TACCC,112
941,TCCGC,42
942,CCGCA,65
943,GCTCT,293
944,CCTAC,173
945,CTCCT,274
946,CTTGC,276
947,GCTCC,243
948,CTAAG,142
949,CCCAC,277
950,TGCTC,432
951,CCTGC,202
952,GGGCG,68
953,GGCGC,60
954,GGCCA,232
955,CTGCT,497
956,TGCCT,228
957,ACACC,257
958,CACCC,217
959,TAACC,106
960,TCTCC,250
961,ACCAC,257
962,ACGTC,51
963,TCCCT,312
964,CCCTA,122
965,CACCG,75
966,CCTTA,125
967,CGTCT,81
968,CGCTG,50
969,ATCCC,222
970,TTACG,18
971,CTGCG,37
972,CTAGG,133
973,AGCCG,82
974,GCCGA,59
975,GGCCG,85
976,CCAGC,237
977,CCGGG,93
978,GTCAG,171
979,CCACC,322
980,TCCCG,78
981,CCCGC,68
982,ACGCC,52
983,CGCCC,55
984,GCCCA,181
985,TGCCC,178
986,CCGCC,69
987,CGCCA,73
988,CAGCC,267
989,GCCGG,66
990,CCCTG,193
991,CCTCC,263
992,ACCCC,169
993,CCCCT,141
994,CCCCC,127
995,CACGC,78
996,GCCCC,145
997,CCCCA,255
998,GCGCC,61
999,CGCCT,83
1000,GTCGG,26
1001,GGTCG,38
1002,CGCAC,53
1003,GTCCG,22
1004,TCGCC,51
1005,GCCGC,59
1006,GGCCC,129
1007,CCCGT,70
1008,CCGTC,63
1009,GCGCG,24
1010,GCGAC,30
1011,CTCCG,60
1012,CGCTC,110
1013,CCGCG,38
1014,CGACC,34
1015,CCGGC,71
1016,CGTCA,44
1017,CCGAC,36
1018,TCCGG,38
1019,TCGTC,30
1020,CGGCC,76
1021,TCGGC,45
1022,CGCGC,23
1023,CGCCG,22
