,6,count
0,TGGCTG,1813
1,GGCTGT,1192
2,GCTGTA,687
3,CTGTAG,1330
4,TGTAGG,798
5,GTAGGA,780
6,TAGGAA,1377
7,AGGAAA,3095
8,GGAAAC,1325
9,GAAACC,1712
10,AAACCA,1785
11,AACCAG,1223
12,ACCAGG,1396
13,CCAGGT,1718
14,CAGGTC,940
15,AGGTCT,1027
16,GGTCTT,1130
17,GTCTTT,1444
18,TCTTTC,2343
19,CTTTCC,1877
20,TTTCCC,1935
21,TTCCCT,2069
22,TCCCTC,2015
23,CCCTCC,2366
24,CCTCCC,4219
25,CTCCCA,3433
26,TCCCAA,2345
27,CCCAAG,1570
28,CCAAGG,1582
29,CAAGGG,1121
30,AAGGGA,1870
31,AGGGAG,2542
32,GGGAGG,4392
33,GGAGGT,1878
34,GAGGTG,1956
35,AGGTGA,1733
36,GGTGAA,1562
37,GTGAAC,795
38,TGAACT,1381
39,GAACTA,799
40,AACTAC,739
41,ACTACA,1305
42,CTACAA,1063
43,TACAAG,851
44,ACAAGC,806
45,CAAGCT,1050
46,AAGCTT,955
47,AGCTTC,1255
48,GCTTCT,1367
49,CTTCTG,1952
50,TTCTGT,2078
51,TCTGTT,1905
52,CTGTTC,1264
53,TGTTCC,1238
54,GTTCCA,963
55,TTCCAC,1262
56,TCCACA,1421
57,CCACAG,1947
58,CACAGG,1750
59,ACAGGA,1678
60,CAGGAA,2412
61,GGAAAA,2602
62,GAAAAC,1721
63,AAAACA,3513
64,AAACAT,1927
65,AACATA,1511
66,ACATAA,1311
67,CATAAC,558
68,ATAACC,590
69,TAACCC,591
70,AACCCT,1199
71,ACCCTT,925
72,CCCTTT,1547
73,CCTTTT,1937
74,CTTTTT,3544
75,TTTTTG,4062
76,TTTTGT,3624
77,TTTGTC,1374
78,TTGTCC,887
79,TGTCCA,1277
80,GTCCAA,681
81,TCCAAA,1545
82,CCAAAA,2018
83,CAAAAC,1776
84,AAAACT,2153
85,AAACTG,1715
86,AACTGA,1344
87,ACTGAC,801
88,CTGACA,1195
89,TGACAC,930
90,GACACC,790
91,ACACCG,212
92,CACCGC,498
93,ACCGCT,173
94,CCGCTT,210
95,CGCTTT,227
96,GCTTTG,1085
97,CTTTGA,1411
98,TTTGAG,2427
99,TTGAGA,2232
100,TGAGAG,1626
101,GAGAGC,1008
102,AGAGCG,401
103,GAGCGA,381
104,AGCGAC,147
105,GCGACC,149
106,CGACCA,138
107,GACCAG,1618
108,ACCAGC,1603
109,CCAGCG,353
110,CAGCGG,327
111,AGCGGC,270
112,GCGGCT,349
113,CGGCTT,224
114,GGCTTT,1079
115,GCTTTT,1441
116,TTTTTC,3292
117,TTTTCC,2387
118,TTTCCA,2111
119,TTCCAT,1641
120,TCCATC,1439
121,CCATCT,2063
122,CATCTC,1967
123,ATCTCT,1902
124,TCTCTG,2323
125,CTCTGA,1845
126,TCTGAA,1524
127,CTGAAA,1942
128,TGAAAA,2826
129,GAAAAT,2632
130,AAAATA,5149
131,AAATAA,4366
132,AATAAT,2300
133,ATAATT,1796
134,TAATTT,3201
135,AATTTT,4005
136,ATTTTC,2355
137,TTTTCT,4204
138,TTTCTC,2756
139,TTCTCA,2097
140,TCTCAA,2330
141,CTCAAC,886
142,TCAACT,942
143,CAACTG,942
144,AACTGT,1118
145,ACTGTG,1445
146,CTGTGT,1695
147,TGTGTA,1094
148,GTGTAT,843
149,TGTATT,2025
150,GTATTT,2116
151,TATTTT,4573
152,ATTTTG,2239
153,TTTTGA,2621
154,TTTGAA,1933
155,TTGAAA,1932
156,TGAAAG,1564
157,GAAAGT,1277
158,AAAGTC,1226
159,AAGTCT,1189
160,AGTCTC,1576
161,GTCTCG,619
162,TCTCGG,581
163,CTCGGA,247
164,TCGGAG,249
165,CGGAGT,374
166,GGAGTT,1708
167,GAGTTT,1545
168,AGTTTC,1440
169,GTTTCG,177
170,TTTCGC,216
171,TTCGCC,185
172,TCGCCA,275
173,CGCCAG,267
174,GCCAGA,1203
175,CCAGAA,1893
176,CAGAAG,2063
177,AGAAGC,1356
178,GAAGCG,241
179,AAGCGT,135
180,AGCGTC,161
181,GCGTCT,197
182,CGTCTT,242
183,CTTTCG,191
184,TTTCGT,206
185,TTCGTT,201
186,TCGTTC,145
187,CGTTCG,31
188,GTTCGG,99
189,TTCGGA,162
190,TCGGAA,161
191,CGGAAA,209
192,GAAAAA,3657
193,AAAAAA,15825
194,AAAAAT,6135
195,AAAATT,4164
196,AAATTC,1624
197,AATTCT,1840
198,ATTCTA,1196
199,TTCTAA,1439
200,TCTAAA,1409
201,CTAAAC,672
202,TAAACA,1571
203,AACATT,1592
204,ACATTC,1075
205,CATTCC,1320
206,ATTCCT,1719
207,TTCCTT,2632
208,TCCTTC,2007
209,CCTTCT,1961
210,CTTCTT,2154
211,TTCTTT,4148
212,TCTTTA,1711
213,CTTTAG,915
214,TTTAGA,1365
215,TTAGAG,984
216,TAGAGA,2032
217,AGAGAA,3013
218,GAGAAA,2970
219,AGAAAG,3016
220,GAAAGC,1074
221,AAAGCT,1281
222,AAGCTG,1413
223,AGCTGA,1604
224,GCTGAG,2852
225,CTGAGA,2247
226,TGAGAT,1978
227,GAGATC,1376
228,AGATCA,1566
229,GATCAC,1507
230,ATCACA,1479
231,TCACAG,1699
232,CACAGC,1679
233,ACAGCG,300
234,CAGCGC,321
235,AGCGCT,213
236,GCGCTC,223
237,CGCTCC,382
238,GCTCCC,1238
239,TCCCAT,1476
240,CCCATG,1199
241,CCATGA,1172
242,CATGAC,769
243,ATGACT,998
244,TGACTA,713
245,GACTAA,639
246,ACTAAT,924
247,CTAATG,803
248,TAATGA,1168
249,AATGAT,1395
250,ATGATT,1230
251,TGATTG,898
252,GATTGG,703
253,ATTGGA,956
254,TTGGAC,666
255,TGGACC,704
256,GGACCC,924
257,GACCCA,977
258,ACCCAC,1157
259,CCCACT,1539
260,CCACTT,1277
261,CACTTT,2158
262,ACTTTT,1992
263,CTTTTG,1720
264,TTTTGC,1548
265,TTTGCC,1169
266,TTGCCG,167
267,TGCCGC,274
268,GCCGCC,416
269,CCGCCC,707
270,CGCCCA,699
271,GCCCAA,858
272,CCCAAC,1060
273,CCAACC,952
274,CAACCA,976
275,AACCAA,1304
276,ACCAAG,1076
277,CCAAGA,1642
278,CAAGAT,1318
279,AAGATT,1359
280,AGATTC,1123
281,GATTCT,1447
282,TTCTAT,1432
283,TCTATG,854
284,CTATGA,828
285,TATGAG,875
286,ATGAGT,983
287,TGAGTG,1256
288,GAGTGG,1200
289,AGTGGT,1269
290,GTGGTG,2305
291,TGGTGG,2526
292,GGTGGA,1705
293,GTGGAA,1335
294,TGGAAA,2219
295,GGAAAT,1667
296,GAAATG,1904
297,AAATGT,2372
298,AATGTA,1385
299,ATGTAG,823
300,GTAGGG,720
301,TAGGGG,701
302,AGGGGA,1740
303,GGGGAG,2096
304,GGGAGA,2240
305,GGAGAA,2846
306,GAGAAT,2029
307,AGAATG,1904
308,GAATGA,1520
309,AATGAG,1588
310,ATGAGG,1451
311,TGAGGA,1873
312,GAGGAA,2239
313,GGAAAG,2049
314,GAAAGG,1810
315,AAAGGT,1171
316,AAGGTC,891
317,GGTCTG,1024
318,GTCTGT,1211
319,TCTGTA,1302
320,TGTAGT,1284
321,GTAGTC,711
322,TAGTCT,716
323,AGTCTG,1139
324,TCTGTC,2008
325,CTGTCA,1438
326,TGTCAG,1160
327,GTCAGA,1040
328,TCAGAT,1173
329,CAGATA,992
330,AGATAT,1190
331,GATATG,751
332,ATATGG,1009
333,TATGGG,713
334,ATGGGT,922
335,TGGGTG,1935
336,GGGTGG,1966
337,GTGGAG,1729
338,TGGAGT,2094
339,GGAGTG,1868
340,AGTGGG,1521
341,GTGGGG,1887
342,TGGGGG,1915
343,GGGGGT,1062
344,GGGGTG,1434
345,GGTGGG,2343
346,GGGGGG,870
347,GGGGGA,1402
348,GGAGGA,2551
349,GAGGAG,2390
350,AGGAGA,3097
351,GGAGAG,2133
352,GAGAGA,2526
353,AGAAAT,2912
354,GAAATC,1213
355,AAATCT,1716
356,AATCTA,999
357,ATCTAA,889
358,TCTAAT,1026
359,TAATGG,873
360,AATGGA,1633
361,ATGGAT,1114
362,TGGATG,1206
363,GGATGT,963
364,GATGTT,1003
365,ATGTTT,1883
366,TGTTTT,3200
367,GTTTTC,1529
368,TTCCAA,1514
369,TCCAAG,1268
370,AAGGGC,1015
371,AGGGCG,349
372,GGGCGA,428
373,GGCGAT,169
374,GCGATT,307
375,CGATTT,198
376,GATTTT,1816
377,ATTTTT,5658
378,TTTTTT,14359
379,TTTCTT,4305
380,TTCTTC,2374
381,TCTTCT,2428
382,CTTCTC,1968
383,TTCTCT,2783
384,TCTCTT,2386
385,CTCTTT,2143
386,CTTTCT,2657
387,TTTCTG,2411
388,CTGTTT,1832
389,GTTTTT,2519
390,TTTTTA,4367
391,TTTTAT,3256
392,TTTATT,3903
393,TTATTC,1290
394,TATTCC,1066
395,ATTCCC,1137
396,TTCCCC,1759
397,TCCCCC,1232
398,CCCCCC,848
399,CCCCCG,378
400,CCCCGA,290
401,CCCGAT,145
402,CCGATT,144
403,GATTTC,1226
404,ATTTCT,2689
405,TTCTTA,1475
406,TCTTAA,1248
407,CTTAAT,969
408,TTAATA,1512
409,TAATAG,805
410,AATAGT,1007
411,ATAGTA,862
412,TAGTAA,828
413,AGTAAT,993
414,GTAATG,690
415,ATGAGA,1667
416,TGAGAA,2174
417,AGAAAC,1876
418,GAAACG,257
419,AAACGG,230
420,AACGGC,123
421,ACGGCA,199
422,CGGCAG,328
423,GGCAGC,1228
424,GCAGCA,1471
425,CAGCAA,1542
426,AGCAAA,1902
427,GCAAAG,1277
428,CAAAGG,1533
429,AAAGGA,2568
430,AAGGAG,2111
431,GAGAAC,1186
432,AGAACG,220
433,GAACGA,170
434,AACGAG,215
435,ACGAGT,113
436,CGAGTC,151
437,GAGTCT,1382
438,AGTCTT,1358
439,TCTTTT,3655
440,TTTGTG,1716
441,TTGTGA,1321
442,TGTGAT,1490
443,GTGATG,1186
444,TGATGG,1409
445,GATGGA,1529
446,ATGGAG,1809
447,GGAGTC,1168
448,GTCTTG,1333
449,TCTTGC,1233
450,CTTGCT,1389
451,TTGCTC,1239
452,TGCTCA,1365
453,GCTCAG,1450
454,CTCAGT,1390
455,TCAGTC,1067
456,CAGTCG,177
457,AGTCGC,113
458,GTCGCC,292
459,TCGCCC,389
460,GCCCAG,2676
461,CCCAGG,3611
462,CCAGGC,3221
463,CAGGCT,2882
464,AGGCTG,4245
465,GGCTGG,3288
466,GCTGGA,2296
467,CTGGAG,2822
468,GAGTGC,1295
469,AGTGCA,1641
470,GTGCAG,1769
471,TGCAGT,2541
472,GCAGTG,2719
473,CAGTGG,2400
474,AGTGGC,1676
475,GTGGCG,618
476,TGGCGC,437
477,GGCGCG,415
478,GCGCGA,157
479,CGCGAT,136
480,GCGATC,306
481,CGATCT,452
482,GATCTC,1351
483,ATCTCG,480
484,CTCGGC,841
485,TCGGCT,478
486,CGGCTC,574
487,GGCTCA,2572
488,GCTCAC,2056
489,CTCACT,2537
490,TCACTG,2245
491,CACTGC,2671
492,ACTGCA,2646
493,CTGCAA,1808
494,TGCAAG,1023
495,GCAAGC,636
496,AAGCTC,1008
497,AGCTCA,1477
498,CTCAGC,2692
499,TCAGCC,2260
500,CAGCCT,4198
501,AGCCTC,2452
502,GCCTCC,3332
503,CTCCCG,927
504,TCCCGG,665
505,CCCGGG,923
506,CCGGGT,536
507,CGGGTT,378
508,GGGTTT,1725
509,GGTTTA,696
510,GTTTAT,1160
511,TTTATG,1478
512,TTATGC,664
513,TATGCA,927
514,ATGCAA,1257
515,TGCAAT,1286
516,GCAATT,963
517,CAATTC,1049
518,ATTCTC,1911
519,TTCTCC,2650
520,TCTCCT,2984
521,CTCCTG,3776
522,TCCTGT,1580
523,CCTGTC,1591
524,CTGTCT,2305
525,TGTCTC,2132
526,GTCTCA,2070
527,TCTCAG,2155
528,GCCTCT,1548
529,CCTCTG,2194
530,CTCTGG,1916
531,TCTGGA,1621
532,GGAGTA,742
533,GAGTAG,1174
534,AGTAGC,1380
535,GTAGCT,1381
536,TAGCTG,1811
537,AGCTGG,2634
538,GCTGGG,3731
539,CTGGGA,3663
540,TGGGAC,1381
541,GGGACT,1332
542,GGACTA,908
543,GACTAC,783
544,CTACAG,1404
545,TACAGG,2193
546,ACAGGT,1425
547,CAGGTG,2296
548,AGGTGC,1091
549,GGTGCC,977
550,GTGCCC,974
551,TGCCCG,445
552,GCCCGC,467
553,CCCGCC,863
554,CCGCCA,430
555,CGCCAC,594
556,GCCACC,1944
557,CCACCA,2784
558,CACCAC,2384
559,ACCACG,532
560,CCACGC,545
561,CACGCC,1014
562,ACGCCC,373
563,CGCCCG,439
564,GCCCGG,657
565,CCCGGC,827
566,CCGGCT,501
567,CGGCTA,297
568,GGCTAA,1232
569,GCTAAT,1255
570,CTAATT,1758
571,TTTGTA,2330
572,TTGTAT,1861
573,TTTTAG,2135
574,TTTAGT,1645
575,TTAGTA,1297
576,TAGTAG,1148
577,AGTAGA,1467
578,GTAGAG,1449
579,AGAGAT,1968
580,GAGATG,2006
581,AGATGG,2063
582,GATGGG,1610
583,ATGGGG,1607
584,TGGGGT,1646
585,GGGGTT,1326
586,GGTTTC,1566
587,GTTTCA,1686
588,TTTCAC,1814
589,TTCACC,1438
590,TCACCA,1811
591,CACCAT,2102
592,ACCATG,1735
593,CCATGT,1790
594,CATGTT,1713
595,ATGTTA,1111
596,TGTTAG,853
597,GTTAGC,465
598,TTAGCC,1193
599,TAGCCA,1250
600,AGCCAG,2060
601,GCCAGG,2534
602,CCAGGA,2602
603,CAGGAT,1499
604,AGGATG,1654
605,GGATGG,1445
606,GATGGT,1090
607,ATGGTC,801
608,TGGTCT,1857
609,GGTCTA,474
610,GTCTAG,513
611,TCTAGG,839
612,CTAGGA,1043
613,TAGGAG,1082
614,GTCTTC,1080
615,CTTCTA,1166
616,TATGAC,610
617,ATGACC,742
618,TGACCG,149
619,GACCGG,189
620,ACCGGC,159
621,CCGGCA,264
622,CGGCAT,150
623,GGCATG,1708
624,GCATGC,787
625,CATGCC,1753
626,ATGCCT,1588
627,TGCCTG,2391
628,GCCTGT,2151
629,CCTGTT,1232
630,CTGTTG,1342
631,TGTTGC,1228
632,GTTGCT,802
633,TTGCTT,1689
634,TGCTTC,1312
635,GCTTCA,1078
636,CTTCAC,1160
637,TTCACT,1431
638,TCACTC,1403
639,CACTCT,1580
640,ACTCTC,1093
641,CTCTCA,1642
642,CTCAGG,2451
643,TCAGGG,1668
644,CAGGGG,1618
645,GGGGAT,929
646,GGGATC,775
647,GGATCT,874
648,GATCTT,1021
649,ATCTTG,1304
650,TCTTGA,1478
651,CTTGAA,1975
652,TTGAAT,1367
653,TGAATA,1329
654,GAATAA,1382
655,AATAAG,1344
656,ATAAGC,694
657,TAAGCA,912
658,AAGCAG,1615
659,AGCAGC,1491
660,GCAGCT,1286
661,CAGCTT,1444
662,TCTCTA,2088
663,CTCTAT,945
664,TCTATT,1382
665,CTATTT,1539
666,TATTTC,1924
667,ATTTCA,2007
668,TTTCAG,1834
669,TTCAGT,1492
670,TCAGTA,984
671,CAGTAA,1111
672,AGTAAA,1517
673,GTAAAT,1185
674,TAAATA,2490
675,AATAAC,1122
676,ATAACT,902
677,TAACTA,689
678,AACTAT,963
679,ACTATA,896
680,CTATAA,1090
681,TATAAA,2099
682,ATAAAG,1747
683,TAAAGC,873
684,AGCTGT,1212
685,GCTGTG,1513
686,CTGTGC,1349
687,TGTGCT,1278
688,GTGCTG,1934
689,TGCTGA,1451
690,GCTGAA,1229
691,CTGAAG,1632
692,TGAAGC,1074
693,GAAGCA,1361
694,AGCAGT,1221
695,GCAGTC,761
696,CAGTCA,1204
697,AGTCAG,1306
698,GTCAGG,1807
699,TCAGGT,1307
700,CAGGTT,1385
701,AGGTTG,1611
702,GGTTGG,931
703,GTTGGG,1104
704,TTGGGA,2419
705,TGGGAG,3419
706,GGAGGC,3583
707,GAGGCT,2522
708,GGCTGA,2431
709,TGAAGG,1496
710,GAAGGA,2222
711,AGGAGT,1871
712,GAGTGT,884
713,AGTGTT,1164
714,GTGTTA,714
715,GTTAGG,576
716,TTAGGA,1045
717,TAGGAC,567
718,AGGACC,1028
719,ACCCAT,865
720,CCCATA,706
721,CCATAG,702
722,CATAGT,903
723,TAGTAC,395
724,AGTACA,847
725,GTACAA,679
726,TACAAA,2537
727,ACAAAT,1885
728,CAAATG,1511
729,AAATGA,2379
730,AATGAA,2256
731,ATGAAT,1500
732,TGAATG,1398
733,TGAGTA,1005
734,GAGTAC,420
735,AGTACC,432
736,GTACCA,598
737,TACCAA,882
738,ACCAAA,1573
739,CCAAAT,1388
740,AAATGG,1928
741,AATGGC,1219
742,ATGGCT,1297
743,TGGCTT,1421
744,GGCTTA,638
745,GCTTAC,438
746,CTTACC,685
747,TTACCT,964
748,TACCTT,857
749,ACCTTC,1078
750,CCTTCG,218
751,CTTCGC,145
752,TTCGCT,185
753,TCGCTG,248
754,CGCTGT,251
755,CTGTGA,1585
756,TGTGAG,1594
757,GTGAGT,1020
758,AGTAGG,857
759,AAAAAC,2789
760,AAACAC,1522
761,AACACA,1828
762,ACACAA,1514
763,CACAAG,1142
764,AAGCTA,815
765,AGCTAG,723
766,GCTAGT,404
767,CTAGTG,562
768,TAGTGT,632
769,AGTGTA,773
770,TGTATG,987
771,GTATGC,379
772,ATGCAC,792
773,TGCACA,1214
774,GCACAA,889
775,CACAAA,1787
776,ACAAAG,1800
777,CAAAGA,1965
778,AAAGAA,4617
779,AAGAAA,4892
780,AGAAAA,4727
781,AAAAAG,3718
782,AAAAGA,3996
783,GAAAAG,2372
784,AAAGAC,1613
785,AAGACT,1463
786,AGACTG,1388
787,GACTGG,1067
788,ACTGGA,1342
789,CTGGAA,2046
790,TGGAAC,1052
791,GGAACT,1031
792,AACTAA,1131
793,ACTAAG,737
794,CTAAGT,710
795,TAAGTA,817
796,AAGTAT,976
797,AGTATT,1056
798,GTATTC,631
799,TATTCA,1387
800,ATTCAA,1446
801,TTCAAA,1944
802,TCAAAG,1362
803,GACTGA,929
804,ACTGAA,1483
805,TGAAAC,1789
806,AAACGA,263
807,AACGAA,209
808,ACGAAA,247
809,CGAAAT,161
810,AATGTT,1658
811,ATGTTC,1072
812,TGTTCA,1233
813,GTTCAA,1514
814,TTCAAC,1048
815,TCAACG,152
816,CAACGA,161
817,AACGAT,147
818,ACGATA,107
819,CGATAG,100
820,GATAGA,868
821,ATAGAT,1015
822,TAGATA,865
823,GATATA,842
824,ATATAA,1681
825,TATAAG,885
826,ATAAGG,846
827,TAAGGA,1134
828,AAGGAA,2897
829,ATGTAC,732
830,TGTACT,864
831,GTACTT,653
832,TACTTG,1037
833,ACTTGT,839
834,CTTGTG,1070
835,TTGTGG,1266
836,TGTGGA,1414
837,TGGAAG,1851
838,GGAAGT,1261
839,GAAGTG,1259
840,AAGTGC,1460
841,AGTGCT,1683
842,TGCTGG,2319
843,CTGGGG,2263
844,TGGGGA,2230
845,GGATCG,171
846,GATCGA,231
847,ATCGAA,134
848,TCGAAC,281
849,CGAACC,109
850,GAACCC,1140
851,AACCCA,1406
852,ACCCAG,2188
853,CCCAGA,2060
854,CCAGAG,1933
855,CAGAGC,1779
856,AGAGCC,1192
857,GAGCCT,1138
858,GCCTCA,2081
859,CCTCAT,1381
860,CTCATG,1470
861,TCATGA,1292
862,CATGAA,1461
863,GAATGT,1129
864,TGTTAA,1161
865,GTTAAG,580
866,TTAAGC,617
867,AAGCAT,1087
868,AGCATA,767
869,GCATAC,409
870,CATACG,140
871,ATACGC,86
872,TACGCT,95
873,ACGCTC,180
874,CGCTCT,407
875,GCTCTA,583
876,CTCTAC,1627
877,TCTACC,917
878,CTACCA,930
879,TACCAC,816
880,ACCACT,1325
881,CCACTG,2398
882,CACTGA,1406
883,ACTGAG,1419
884,CTGAGC,1344
885,TGAGCT,1419
886,GAGCTA,713
887,AGCTAC,1426
888,GCTACA,686
889,CTACAC,667
890,TACACC,651
891,ACACCC,1049
892,CACCCC,1471
893,ACCCCC,994
894,CCCCCA,1847
895,CCCCAC,1948
896,CACTTA,993
897,ACTTAC,718
898,CTTACA,922
899,TTACAA,1270
900,TACAAT,1000
901,ACAATG,1269
902,CAATGC,716
903,AATGCC,961
904,ATGCCG,163
905,TGCCGT,185
906,GCCGTT,133
907,CCGTTT,229
908,CGTTTT,283
909,TCTTAC,848
910,CTTACT,892
911,TTACTG,1039
912,TACTGA,969
913,ACTGAT,945
914,CTGATT,1163
915,TGATTT,1926
916,GATTTA,944
917,ATTTAT,2701
918,TTATTA,1865
919,TATTAT,1795
920,ATTATA,1483
921,TTATAT,1652
922,TATATG,1219
923,ATATGC,777
924,TATGCT,790
925,ATGCTA,790
926,TGCTAT,938
927,GCTATT,816
928,CTATTA,804
929,ATTATC,942
930,TTATCT,1299
931,TATCTA,858
932,CTAAAG,964
933,TAAAGG,1186
934,AAGGTG,1273
935,GGTGAG,1517
936,GTGAGG,1462
937,TGAGGG,1552
938,GAGGGC,1138
939,AGGGCT,1211
940,GGGCTT,957
941,GCTTAA,641
942,CTTAAG,777
943,TTAAGG,902
944,TAAGGC,619
945,AAGGCA,1584
946,AGGCAT,1567
947,GCATGA,1235
948,CATGAT,1225
949,ATGATA,1018
950,TGATAG,769
951,GATAGG,549
952,ATAGGT,660
953,TAGGTT,738
954,AGGTTA,737
955,GGTTAA,611
956,GTTAAA,1018
957,TTAAAG,1480
958,TAAAGT,1235
959,AAGTCC,906
960,AGTCCG,135
961,GTCCGC,112
962,TCCGCT,227
963,CCGCTA,118
964,CGCTAT,118
965,GCTATG,670
966,CTATGT,968
967,TATGTT,1362
968,GTTTTA,1438
969,TTTTAA,3573
970,TTTAAC,1070
971,TTAACT,1037
972,TAACTC,686
973,AACTCC,1680
974,ACTCCT,1752
975,TGTTTC,1631
976,GTTTCT,1830
977,TTCTGA,1729
978,GAAACT,1531
979,AAACTT,1565
980,AACTTC,1225
981,ACTTCT,1484
982,CTGAAT,1327
983,GAATGG,1399
984,ATGGAA,1805
985,TGGAAT,1616
986,GGAATC,848
987,GAATCT,1014
988,AATCTT,1344
989,TCTTGT,1389
990,CTTGTC,963
991,TTGTCT,1544
992,TGTCTT,1828
993,CTTGAC,715
994,TTGACG,104
995,TGACGC,97
996,GACGCT,167
997,ACGCTG,251
998,TGTGTC,1428
999,GTGTCA,835
1000,TGTCAA,877
1001,GTCAAG,728
1002,TCAAGA,1580
1003,CAAGAG,1460
1004,AAGAGG,1786
1005,AGAGGA,2316
1006,AAAGGC,1223
1007,GGCATT,919
1008,GCATTC,787
1009,CATTCT,1846
1010,ATTCTG,1630
1011,TTCTGG,1745
1012,CTGGAC,1098
1013,GGACCG,221
1014,GACCGA,145
1015,ACCGAA,143
1016,CCGAAA,163
1017,CGAAAG,183
1018,GAAAGA,2651
1019,AAGACC,1252
1020,AGACCC,1113
1021,GACCCT,1069
1022,CCCTTG,1097
1023,CCTTGG,1535
1024,CTTGGA,1244
1025,TTGGAT,987
1026,TGGATC,998
1027,GGATCC,700
1028,GATCCT,988
1029,ATCCTC,1391
1030,TCCTCT,2144
1031,CCTCTC,2093
1032,TCTCAC,1706
1033,CTCACA,1649
1034,ACAGCC,1271
1035,CAGCCG,358
1036,AGCCGT,181
1037,GCCGTC,154
1038,CCGTCA,168
1039,CGTCAT,167
1040,GTCATC,738
1041,TCATCT,1551
1042,CATCTA,882
1043,ATCTAT,1024
1044,TTTCAA,1899
1045,TTCAAG,1940
1046,TCAAGG,1136
1047,CAAGGA,1596
1048,AAGGAC,1212
1049,AGGACT,1156
1050,GGACTG,957
1051,GACTGC,724
1052,ACTGCT,1095
1053,CTGCTG,1912
1054,TGCTGT,1492
1055,GCTGTT,1079
1056,CTGTTA,859
1057,AGCCAA,1505
1058,GCCAAC,925
1059,CCAACT,1013
1060,CAACTT,1064
1061,AACTTT,1569
1062,ACTTTC,1178
1063,TCTTTG,1789
1064,CTTTGT,1632
1065,TTGTCA,1104
1066,GTCAGT,788
1067,TCAGTT,1219
1068,CAGTTT,1511
1069,GTTTCC,1209
1070,TTTCCG,259
1071,TTCCGT,206
1072,TCCGTC,395
1073,CCGTCC,260
1074,CGTCCA,253
1075,GTCCAC,698
1076,TCCACC,1745
1077,CCACCT,2271
1078,CACCTG,2369
1079,ACCTGG,1845
1080,CCTGGA,2064
1081,TGGAGC,1240
1082,GGAGCG,344
1083,AGCGAA,213
1084,GCGAAG,174
1085,CGAAGT,183
1086,GAAGTT,1183
1087,AAGTTC,1022
1088,AGTTCC,975
1089,AGATTG,1116
1090,GATTGA,661
1091,ATTGAA,1202
1092,TGAATC,941
1093,ATCTTC,1215
1094,TCTGGT,1084
1095,CTGGTA,761
1096,TGGTAT,853
1097,GGTATG,612
1098,GTATGT,828
1099,TATGTC,702
1100,ATGTCT,1258
1101,TCTTCA,1753
1102,CTTCAG,1705
1103,TTCAGA,1515
1104,CAGATT,1248
1105,TCTCTC,2484
1106,CTCTCC,2132
1107,CTCCTT,1934
1108,TCCTTT,2315
1109,TTTAAA,3416
1110,TTAAAA,3602
1111,TAAAAA,4557
1112,AAAACC,1788
1113,AAACCT,1428
1114,AACCTC,1578
1115,ACCTCC,1882
1116,CCTCCT,2983
1117,CTCCTC,2426
1118,CCTCTA,1011
1119,CTATGG,686
1120,TATGGA,938
1121,GGAGCT,1381
1122,GAGCTG,1654
1123,AGCTGC,1288
1124,GCTGCC,1248
1125,CTGCCA,1539
1126,TGCCAA,959
1127,CCAACA,1651
1128,CAACAC,1022
1129,ACACAC,2289
1130,CACACA,2675
1131,CACACG,365
1132,ACACGC,241
1133,CACGCG,112
1134,ACGCGC,111
1135,CGCGCG,148
1136,GCGCGC,214
1137,GCGATA,102
1138,GATAGT,524
1139,ATAGTG,876
1140,TAGTGC,505
1141,AGTGCC,854
1142,GTGCCA,1245
1143,TGCCAG,1304
1144,CAGAGA,2503
1145,AGAATA,1661
1146,GAATAT,1160
1147,AATATA,1936
1148,TAAAGA,1795
1149,AAGACG,234
1150,AGACGA,241
1151,GACGAG,181
1152,CGAGTT,147
1153,GAGTTC,1255
1154,AGTTCT,1397
1155,GTTCTG,1204
1156,TCTGTG,1832
1157,TGCTGC,1450
1158,GCTGCA,1493
1159,CTGCAG,2332
1160,TGCAGA,1551
1161,GCAGAG,2218
1162,CAGAGG,2347
1163,AAACGT,260
1164,AACGTA,127
1165,ACGTAG,133
1166,CGTAGA,130
1167,GTAGAT,701
1168,TAGATC,571
1169,AGATCC,875
1170,GATCCA,1002
1171,ATCCAG,1369
1172,TCCAGG,2006
1173,GGAGAC,1404
1174,GAGACA,2143
1175,AGACAA,1756
1176,GACAAG,1072
1177,ACAAGA,1515
1178,CAAGAC,1446
1179,AAGACA,2010
1180,AAGATG,1546
1181,AGATGT,1261
1182,GTTAAT,873
1183,TTAATG,1094
1184,TAATGC,650
1185,AATGCA,1418
1186,ACAAAA,4041
1187,CAAAAG,1799
1188,AAAAGT,2087
1189,AAGTCA,1411
1190,AGTCAA,1062
1191,GTCAAC,507
1192,CAACTA,610
1193,ACTAAA,1828
1194,CTAAAA,2279
1195,AAAACG,365
1196,ACGAAT,135
1197,CGAATT,145
1198,GAATTT,1693
1199,AATTTA,2061
1200,ATTTAA,2068
1201,TTAAAT,2027
1202,TAAATC,945
1203,ATCTTA,925
1204,CTTAAA,1461
1205,TTAAAC,1066
1206,TAAACT,1140
1207,AACTTA,1004
1208,ACTTAA,1106
1209,TAAGCC,701
1210,AAGCCC,975
1211,AGCCCC,1415
1212,GCCCCT,1259
1213,CCCCTA,698
1214,CCCTAA,880
1215,CCTAAA,1070
1216,ACTGTA,1028
1217,CTGTAA,2268
1218,TGTAAA,1660
1219,GTAAAA,1480
1220,TAAAAT,3011
1221,AATTCC,1284
1222,TCCTTG,1419
1223,CCTTGA,1140
1224,TTGAAG,1252
1225,TGAAGA,1764
1226,GAAGAA,2462
1227,AAACAG,1992
1228,AACAGG,1327
1229,ACAGGG,1684
1230,AGGGGG,1252
1231,GGGGAA,1755
1232,GGGAAT,1172
1233,GGAATA,1138
1234,AATATT,2370
1235,ATATTC,1200
1236,TATTCT,1474
1237,ATTCTT,1870
1238,TTCTTG,1610
1239,TTGACA,984
1240,TGACAT,1028
1241,GACATT,1079
1242,ACATTG,1028
1243,CATTGG,787
1244,ATTGGT,771
1245,TTGGTT,1182
1246,TGGTTT,1636
1247,GTTTAG,660
1248,TTTAGG,1077
1249,TTAGGC,554
1250,TAGGCA,925
1251,AGGCAA,1395
1252,GGCAAT,788
1253,GCAATG,1036
1254,CAATGG,1173
1255,AATGGT,1127
1256,ATGGTT,992
1257,CTTGAG,1543
1258,TTGAGT,1038
1259,GAGTAT,587
1260,AGTATG,711
1261,GTATGA,665
1262,ATGACA,1293
1263,ACACCA,1442
1264,CACCAA,1251
1265,AAAAGC,1528
1266,AAAGCA,1951
1267,AAGCAC,894
1268,AGCACA,1294
1269,GCACAG,1315
1270,ACAGGC,2101
1271,CAGGCA,2372
1272,GGCAAC,1034
1273,GCAACA,1263
1274,CAACAA,1541
1275,AACAAA,3341
1276,AAGCAA,1851
1277,GCAAAA,1737
1278,CAAAAA,4428
1279,AAAATG,3050
1280,TGGATA,1004
1281,GGATAA,852
1282,GATAAG,694
1283,TAAGCG,92
1284,AAGCGA,405
1285,AGCGAG,474
1286,GCGAGA,410
1287,CGAGAC,724
1288,GAGACT,1497
1289,AGACTA,841
1290,GACTAT,552
1291,CTATAG,630
1292,TATAGC,542
1293,ATAGCA,952
1294,TAGCAA,921
1295,GCAAAC,829
1296,CAAACT,1493
1297,AAACTA,1490
1298,TTCACA,1494
1299,AAACAA,3225
1300,AACAAT,1432
1301,ACAATC,835
1302,CAATCA,952
1303,AATCAA,1399
1304,ATCAAC,727
1305,TCAACA,1300
1306,AAAAGG,2069
1307,GGCAAG,1091
1308,AGCTAT,801
1309,GGAATG,1390
1310,AATGGG,1394
1311,ATGGGA,1485
1312,AAATAT,2961
1313,ATATTT,2820
1314,TATTTG,1602
1315,ATTTGC,1081
1316,TTTGCA,1517
1317,TTGCAA,1090
1318,TGCAAA,1642
1319,GCAAAT,1128
1320,CAAATC,1095
1321,AAATCA,2039
1322,AATCAT,1291
1323,ATCATT,1425
1324,TCATTT,2200
1325,CATTTA,1675
1326,TTTATC,1301
1327,TATCTG,993
1328,ATCTGA,1150
1329,TCTGAT,1242
1330,CTGATA,865
1331,TGATAA,1114
1332,TAAGGG,771
1333,AAGGGG,1409
1334,AGGGGT,1123
1335,GGGTTA,562
1336,TAATAT,1523
1337,ATATAC,1243
1338,TATACA,1373
1339,ATACAA,2025
1340,CAAAAT,2562
1341,AATAAA,4372
1342,ATAAAT,2897
1343,TAAATT,2069
1344,AAATTT,2969
1345,TAAACC,745
1346,AAACCG,231
1347,AACCGC,174
1348,CGCTAC,129
1349,ACAAGT,887
1350,CAAGTC,834
1351,GTCAAT,609
1352,TCAATA,1087
1353,CAATAG,800
1354,AATAGC,868
1355,ATAGCC,579
1356,AGCCAC,1982
1357,GCCACA,1281
1358,CCACAC,1508
1359,CACACC,1715
1360,ACCCCT,1120
1361,CCCCTT,1317
1362,CCCTTA,734
1363,CCTTAG,763
1364,CTTAGA,806
1365,TTAGAA,1431
1366,TAGAAT,1243
1367,AGAATC,1495
1368,GAATCC,834
1369,AATCCC,2142
1370,ATCCCA,2471
1371,CCCAAA,2347
1372,CAAATA,1691
1373,TAACCT,791
1374,AACCTG,1423
1375,ACCTGA,1402
1376,CCTGAT,1091
1377,TAAAAC,1533
1378,ACGAGC,131
1379,CGAGCA,208
1380,GAGCAT,850
1381,GCATAG,566
1382,CATAGG,731
1383,ATAGGA,1000
1384,GGACTT,918
1385,GACTTG,848
1386,ACTTGA,1369
1387,GAATAG,965
1388,AATAGA,1471
1389,ATAGAC,660
1390,TAGACA,927
1391,AGACAT,1323
1392,GACATG,995
1393,ACATGT,1329
1394,CATGTC,990
1395,GTCTCC,1443
1396,TCTCCA,2159
1397,CTCCAA,1445
1398,CCAAAG,2126
1399,AAGAAG,2254
1400,AGAAGA,2663
1401,GAAGAC,1166
1402,GACATA,779
1403,ACATAC,895
1404,CATACA,1011
1405,AAATAG,1739
1406,GCCACT,1652
1407,CCACTA,852
1408,CACTAG,603
1409,ACTAGG,663
1410,CTAGGT,678
1411,TAGGTA,729
1412,AGGTAT,904
1413,TATGTG,1225
1414,ATGTGA,1344
1415,TGTGAA,1539
1416,GTGAAG,1190
1417,GAAGAG,1940
1418,AGAGGT,1514
1419,GGTGCT,992
1420,GTGCTC,778
1421,TGCTCT,1578
1422,GCTCTT,1121
1423,CTCTTA,985
1424,CTTAAC,647
1425,TTAACA,1209
1426,TAACAT,1188
1427,AACATC,1055
1428,ACATCA,1205
1429,CATCAC,1106
1430,ATCACT,1452
1431,TCACTA,846
1432,CACTAA,779
1433,CTAATC,526
1434,TAATCA,915
1435,ATCATC,992
1436,TCATCA,1359
1437,CATCAA,1102
1438,ATCAAG,939
1439,AAATGC,1563
1440,ATCAAA,1507
1441,TCAAAA,2769
1442,AAAATC,1977
1443,AATCAC,1203
1444,TCACAA,1333
1445,CACAAT,1335
1446,ACAATA,1263
1447,AGATAC,853
1448,GATACC,503
1449,ATACCA,1002
1450,ACCACC,1473
1451,CACCTC,1947
1452,ACCTCA,1808
1453,CCTCAC,1624
1454,TCACAC,1318
1455,ACACCT,1364
1456,CACCTA,797
1457,ACCTAT,656
1458,CCTATT,865
1459,TATTAG,840
1460,ATTAGG,784
1461,TAGGAT,842
1462,GATGTC,684
1463,TGTCTG,1516
1464,TGTTAT,1115
1465,GTTATT,1060
1466,TATTAA,1453
1467,ATTAAA,2280
1468,AAACTC,1547
1469,AACTCA,1374
1470,ACTCAA,1051
1471,CTCAAA,2383
1472,AAGGTA,921
1473,AGGTAA,1069
1474,GGTAAG,696
1475,GTAAGT,675
1476,TAAGTG,962
1477,AAGTGT,1192
1478,TTAGCA,858
1479,AAAGAT,1848
1480,GATGTA,634
1481,TGTAGA,1107
1482,GAAATT,1650
1483,AAATTG,1586
1484,AATTGG,903
1485,TTGGAA,1552
1486,GGAACC,893
1487,CCCTTC,1648
1488,TTCTAC,1002
1489,TCTACA,1141
1490,TACACT,796
1491,ACACTG,1408
1492,CACTGT,1642
1493,ACTGTT,1081
1494,TGTTGG,1651
1495,GTTGGT,843
1496,TTGGTG,1160
1497,TGGTGT,1270
1498,GGTGTG,1543
1499,GTGTGT,2098
1500,GTGTAA,687
1501,ATGATG,1303
1502,TGATGA,1407
1503,GATGAC,762
1504,CACTAT,867
1505,ACTATG,795
1506,AGTAAG,889
1507,GTAAGG,642
1508,GGGGTC,978
1509,GGGTCG,217
1510,GGTCGC,156
1511,TCGCCT,271
1512,CGCCTC,739
1513,CCTCAA,1389
1514,AAGATA,1428
1515,AGATAA,1371
1516,GATAAA,1353
1517,ATAAAA,3531
1518,ATAGAA,1454
1519,TAGAAC,795
1520,AGAACT,1531
1521,ACTACC,514
1522,TACCAT,939
1523,ACCATA,802
1524,CCATAT,954
1525,CATATG,1119
1526,ATATGA,1220
1527,TATGAT,907
1528,ATGATC,947
1529,TGATCC,1333
1530,TCCAGC,2510
1531,CCAGCA,2581
1532,AGCAAT,1374
1533,GCAATC,858
1534,CAATCC,886
1535,TCCCAC,1722
1536,CACTTC,1313
1537,TCTGGG,1960
1538,CTGGGT,2176
1539,TGGGTA,953
1540,GGGTAT,656
1541,GGTATA,589
1542,GTATAT,1096
1543,ATATGT,1420
1544,ATGTCC,1032
1545,TGTCCC,1387
1546,GTCCCC,998
1547,TCCCCA,2317
1548,CCCCAA,1527
1549,AAATCG,210
1550,AATCGA,130
1551,TCGAAA,157
1552,AAATTA,3306
1553,AATTAG,1772
1554,ATTAGA,1033
1555,AGAATT,1888
1556,AATTTC,1638
1557,GAAACA,1701
1558,ACATAT,1526
1559,TGCACT,1697
1560,GCACTC,1385
1561,CACTCC,1946
1562,ACTCCC,1171
1563,GTTCAC,712
1564,TGCAGC,1504
1565,CAGCAT,1380
1566,AGCATT,1209
1567,GCATTA,667
1568,CATTAT,1184
1569,ATTATT,2204
1570,TTATTT,3958
1571,TATTTA,2334
1572,ATTTAC,1103
1573,TTTACA,1592
1574,CAATAA,1439
1575,TAACCA,772
1576,AGGGAA,2243
1577,GGGAAC,934
1578,GGAACA,1299
1579,GAACAA,1324
1580,AATCCA,1295
1581,ATCCAA,979
1582,CCAAGT,1218
1583,CAAGTG,1368
1584,AGTGTC,873
1585,GTGTCC,1033
1586,GTCCAT,766
1587,TCCATT,1513
1588,CCATTG,1098
1589,CATTGA,953
1590,ATTGAG,974
1591,AGATGA,1606
1592,GATGAG,1293
1593,AGTGGA,1297
1594,GTGGAC,617
1595,TGGACA,1295
1596,GGACAA,1009
1597,GACAAA,1563
1598,AATGTG,1473
1599,ATGTGG,1451
1600,TGTGGT,1712
1601,GTGGTA,694
1602,TATATA,2868
1603,ATACAT,1462
1604,TACATA,1306
1605,ATATTA,1483
1606,ATTCAG,1357
1607,TTCAGC,1266
1608,AGCCTT,1155
1609,GCCTTT,1172
1610,CTTTTA,1645
1611,TTTATA,2030
1612,TTATAA,1645
1613,TTCTGC,1645
1614,TCTGCC,2079
1615,TGCCAT,1349
1616,GCCATT,1155
1617,CCATTT,1808
1618,CATTTG,1529
1619,TTGCAC,846
1620,TGCACC,1053
1621,GCACCA,1161
1622,CACCAG,1461
1623,AGCATC,948
1624,GCATCA,860
1625,ATCAAT,1050
1626,TCAATG,1012
1627,CAATGA,1221
1628,TGATTA,886
1629,GATTAA,903
1630,ATTAAC,815
1631,TTAACC,623
1632,TGGAGG,2178
1633,GAGGAC,1065
1634,AGGACA,1622
1635,GGACAT,1025
1636,ACATTA,1024
1637,ATTATG,1092
1638,TGCTAA,787
1639,GCTAAG,659
1640,AAGTGA,1813
1641,AGTGAA,1647
1642,GTGAAA,2108
1643,TGAAAT,2080
1644,GAAATA,2053
1645,AAGCCA,1480
1646,GCCAGT,890
1647,CCAGTC,1101
1648,AGTCAC,976
1649,GTCACA,1034
1650,CACAGA,1932
1651,ACAGAA,2313
1652,AGAAGG,2086
1653,TTTCAT,2062
1654,TTCATA,1239
1655,TCATAA,1047
1656,CATAAT,978
1657,TAATTC,1063
1658,ATTCCA,1533
1659,TCCACT,1300
1660,ACTTAT,902
1661,CTTATA,872
1662,TGAGGT,1886
1663,GAGGTA,797
1664,GGTATC,453
1665,GTATCT,819
1666,ATAGTC,558
1667,TAGTCA,678
1668,GTCAAA,986
1669,TCAAAC,1191
1670,ACTCAT,1028
1671,CTCATA,849
1672,CATAAA,1576
1673,TAAATG,1777
1674,ATGCAG,1295
1675,AGAACA,1867
1676,GAACAG,1282
1677,AACAGA,2050
1678,CAGAAT,1678
1679,ATGGTG,2002
1680,TGGTGA,1863
1681,GGTGAT,1168
1682,GTGATT,1111
1683,GATTGT,769
1684,ATTGTC,716
1685,CAGGGA,2205
1686,AGGGAC,1245
1687,GGGACC,1030
1688,GGACCA,925
1689,ACCAGA,1254
1690,AGAGGC,1538
1691,GAGGCA,2531
1692,AGGCAG,3257
1693,GGCAGA,2168
1694,AGAGGG,1860
1695,GAGGGA,2119
1696,GGGAAA,2120
1697,GGGAGT,1147
1698,GAGTTG,876
1699,AGTTGT,883
1700,GTTGTT,1089
1701,TTGTTG,1435
1702,TGCTCG,171
1703,GCTCGG,225
1704,CTCGGT,215
1705,TCGGTG,174
1706,CGGTGA,316
1707,TGAGTT,1338
1708,GAGTTA,689
1709,AGTTAA,1039
1710,ATTTTA,2886
1711,TTAGTT,1025
1712,TAGTTA,711
1713,AGTTAT,956
1714,GTTATG,583
1715,TTATGA,1045
1716,TATGAA,1366
1717,ATGAAA,2277
1718,AACATG,1827
1719,ACATGA,1211
1720,ATAAGT,904
1721,TAAGTT,992
1722,GTTCTA,744
1723,TTCTAG,1141
1724,TCTAGA,1018
1725,CTAGAG,829
1726,AGATCT,1087
1727,GATCTA,580
1728,CTATTG,787
1729,TATTGC,713
1730,ATTGCA,1219
1731,CACAAC,832
1732,ACAACC,743
1733,CAACCT,1542
1734,AACCTA,776
1735,ACCTAG,713
1736,CCTAGT,601
1737,GTGCCT,1209
1738,TGCCTT,1550
1739,GCCTTC,1165
1740,CCTTCA,1498
1741,CAGTTA,892
1742,GTTAAC,438
1743,TAACAA,1252
1744,CAATAC,630
1745,AATACC,874
1746,CCATAA,875
1747,ATAATG,1169
1748,TAATGT,1065
1749,TGTACA,1003
1750,GTACAC,501
1751,ACACTT,1120
1752,TTTGTT,3158
1753,TTGTTA,1233
1754,GATAAC,465
1755,AACTCG,163
1756,ACTCGG,407
1757,TCGGCC,525
1758,CGGCCG,254
1759,GGCCGG,670
1760,GCCGGG,929
1761,CCGGGA,653
1762,CGGGAG,947
1763,GGGAGC,1225
1764,GAGCGG,302
1765,AGCGGT,175
1766,GCGGTG,517
1767,CGGTGG,615
1768,GGTGGC,2010
1769,GTGGCT,1990
1770,TGGCTC,2278
1771,CTCACG,601
1772,TCACGC,668
1773,ACGCCT,653
1774,CGCCTG,1091
1775,CCTGTA,2333
1776,TGTAAT,2335
1777,GTAATC,1656
1778,TAATCT,1091
1779,AATCTC,1391
1780,ATCTCA,1992
1781,TCAGCA,1481
1782,CAGCAC,2074
1783,AGCACT,1868
1784,GCACTT,1582
1785,ACTTTG,2056
1786,CTTTGG,2130
1787,TTTGGG,2400
1788,GAGGCC,1981
1789,AGGCCG,711
1790,GGCCGA,576
1791,GCCGAG,947
1792,CCGAGG,709
1793,CGAGGC,542
1794,GAGGCG,888
1795,AGGCGG,1005
1796,GGCGGG,992
1797,GCGGGC,503
1798,CGGGCG,565
1799,GGGCGG,837
1800,GGCGGA,742
1801,GCGGAT,301
1802,CGGATC,310
1803,GGATCA,1362
1804,ATCACG,481
1805,TCACGA,379
1806,CACGAG,404
1807,ACGAGG,445
1808,CGAGGT,523
1809,GAGGTC,1440
1810,AGGTCA,1731
1811,GGTCAG,1723
1812,TCAGGA,2512
1813,CAGGAG,3968
1814,GGAGAT,1487
1815,AGATCG,492
1816,ATCGAG,255
1817,TCGAGA,523
1818,GAGACC,1773
1819,AGACCA,2149
1820,GACCAT,856
1821,ACCATC,1192
1822,CCATCC,1525
1823,CATCCT,1684
1824,ATCCTG,1515
1825,TCCTGG,2595
1826,CCTGGC,2632
1827,CTGGCT,2064
1828,TGGCTA,1294
1829,GCTAAC,569
1830,CTAACG,113
1831,TAACGC,82
1832,AACGCG,46
1833,ACGCGG,88
1834,CGCGGT,238
1835,AAACCC,1819
1836,AACCCC,1419
1837,ACCCCG,543
1838,CCCCGT,528
1839,CCCGTC,538
1840,CCGTCT,743
1841,CGTCTC,785
1842,GTCTCT,1967
1843,TCTACT,1627
1844,CTACTA,1245
1845,TACTAA,1430
1846,ATTAGC,1338
1847,TAGCCG,321
1848,AGCCGG,494
1849,CCGGGC,855
1850,GGGCGC,545
1851,GCGCGG,303
1852,TGGCGG,463
1853,GGCGCC,615
1854,GCGCCT,497
1855,TAGTCC,847
1856,AGTCCC,1267
1857,GTCCCA,1407
1858,TCCCAG,3819
1859,CCCAGC,3794
1860,CCAGCT,2765
1861,CAGCTA,1872
1862,GCTACT,1325
1863,CTACTC,1194
1864,TACTCG,299
1865,ACTCGA,138
1866,CTCGAG,219
1867,CGAGAG,289
1868,GAGAGG,2186
1869,CTGAGG,3191
1870,TGAGGC,2259
1871,GGCAGG,2772
1872,GCAGGA,2287
1873,ATGGCG,432
1874,TGGCGT,378
1875,GGCGTG,1031
1876,GCGTGA,605
1877,CGTGAA,326
1878,TGAACC,1449
1879,AACCCG,408
1880,ACCCGG,590
1881,CCCGGA,342
1882,CCGGAA,212
1883,CGGAAG,286
1884,GAAGTC,996
1885,AAGTCG,144
1886,AGTCGG,190
1887,GTCGGA,123
1888,CGGAGG,597
1889,GAGGTT,1608
1890,GGTTGC,1086
1891,GTTGCA,1179
1892,TTGCAG,1824
1893,CAGTGA,2329
1894,AGTGAG,2498
1895,GTGAGC,1961
1896,TGAGCC,2455
1897,GAGCCG,595
1898,AGCCGA,520
1899,CCGAGA,623
1900,CGAGAT,496
1901,GATCGC,326
1902,ATCGCA,208
1903,TCGCAC,195
1904,CGCACC,360
1905,CTGCAC,1840
1906,ACTCTA,822
1907,CTCTAG,942
1908,TCTAGC,693
1909,CTAGCC,654
1910,TAGCCT,801
1911,AGCCTG,2871
1912,GCCTGG,3380
1913,CCTGGG,3746
1914,CTGGGC,2828
1915,TGGGCG,736
1916,GGCGAC,313
1917,GCGACA,289
1918,CGACAG,361
1919,GACAGG,1618
1920,CAGGCG,1035
1921,AGGCGA,262
1922,GGCGAG,318
1923,AGACTC,1429
1924,GACTCA,1008
1925,ACTCAG,1584
1926,CAGTCT,1439
1927,AACTCT,1227
1928,ACTCTG,1748
1929,CTGATG,1202
1930,TGATGT,1170
1931,TGTTTA,1456
1932,GTTTAA,1048
1933,TTTAAG,1501
1934,TTAAGT,1076
1935,TAAGTC,594
1936,TTACCA,929
1937,CCACCC,2009
1938,CACCCA,1946
1939,ATGAAC,1049
1940,TGAACA,1345
1941,GAACAT,1143
1942,AAGAAC,1394
1943,GAACAC,906
1944,TTTTGG,1827
1945,TTTGGA,1500
1946,TTGGAG,1354
1947,AGTTGA,910
1948,GTTGAT,723
1949,TTGATA,955
1950,AGTGTG,1265
1951,TGTGTT,1584
1952,GTGTTT,1448
1953,TATTAC,754
1954,ATTACC,637
1955,TTACCG,116
1956,TACCGA,97
1957,ACCGAT,98
1958,CGATTG,89
1959,ATTGTG,1244
1960,TAGCAT,740
1961,ATGTAT,1390
1962,ATGCAT,970
1963,TGCATA,935
1964,GCATAT,728
1965,TGTCCT,1474
1966,GTCCTC,941
1967,TCCTCA,1989
1968,CACTCA,1316
1969,TCATAT,1153
1970,ATGCTT,1041
1971,TGCTTA,824
1972,CTTCAA,1283
1973,CAACGT,188
1974,AACGTG,277
1975,ACGTGT,261
1976,CGTGTA,127
1977,GTGTAG,593
1978,GGTTTT,1581
1979,GTTTTG,1599
1980,TTGCAT,1198
1981,CATATA,1230
1982,ATATAT,3102
1983,TATATC,748
1984,ATATCA,1105
1985,TATCAA,915
1986,CTGTAC,777
1987,TACTTC,772
1988,ACTTCA,1307
1989,TTCAAT,1210
1990,AAAGTT,1568
1991,AAGTTG,1059
1992,TAATAA,1951
1993,TCCTGA,2480
1994,CCTGAA,1551
1995,AACAAC,1167
1996,CCAAAC,1046
1997,CAAACA,1881
1998,AACAAG,1402
1999,CAAGCA,1223
2000,TTAATT,1993
2001,AATTCA,1478
2002,ATTCAC,970
2003,ACAACA,1451
2004,CAACAT,1727
2005,ATTGAC,588
2006,TGACAA,1233
2007,AAAGAG,2329
2008,AAGAGT,1234
2009,AGAGTG,1554
2010,GAGTGA,1506
2011,AGTGAC,935
2012,GTGACA,1279
2013,AGGTAG,900
2014,GGTAGC,470
2015,GTAGCA,614
2016,TAGCAG,861
2017,GCAGTT,850
2018,AGTTTT,2021
2019,ACAAGG,1259
2020,CAAGGT,1166
2021,AAGGTT,975
2022,GTTGCG,113
2023,TTGCGT,137
2024,TGCGTC,153
2025,GCGTCC,189
2026,TCCAAC,910
2027,ACATCT,1257
2028,CATCTG,1477
2029,ATCTGG,1133
2030,CTGGAT,1357
2031,TGGATT,1309
2032,GGATTT,1235
2033,GATTTG,1078
2034,ATTTGG,1391
2035,TGTGGC,1190
2036,GTGGCA,1563
2037,TGGCAG,1530
2038,GCAGCG,335
2039,GGCTTC,1121
2040,CTTCAT,1488
2041,TTCATC,1287
2042,TCATCG,135
2043,CATCGG,138
2044,ATCGGC,106
2045,TCGGCG,63
2046,CGGCGA,69
2047,GCGACT,117
2048,CGACTC,174
2049,GACTCT,1094
2050,TACAGC,754
2051,ACAGCT,1247
2052,GCTATA,551
2053,TATAGG,723
2054,AGGTTT,1348
2055,TTGTTT,2920
2056,TTTGAT,1478
2057,TTGATT,1352
2058,TTATAG,1030
2059,TATAGA,934
2060,ATAGAG,1039
2061,AGAGAC,1927
2062,GAGACG,706
2063,AGACGG,674
2064,GACGGG,552
2065,ACGGGA,239
2066,CGGGAT,239
2067,GGGATG,1253
2068,GGGAAG,2207
2069,GGAAGG,2317
2070,GAAGGG,1681
2071,GGGGGC,1191
2072,GGGGCG,581
2073,GCGGGT,349
2074,CGGGTC,211
2075,GGTCGG,249
2076,GTCGGT,106
2077,TCGGTC,144
2078,CGGTCT,188
2079,TCTCCC,2158
2080,CTCCCT,2400
2081,TCCCTG,2100
2082,CCCTGT,1655
2083,CCTGTG,1683
2084,GTGTTG,930
2085,GTTGCC,990
2086,TTGCCC,1359
2087,TGCCCA,2159
2088,GCTGGT,1481
2089,CTGGTC,1505
2090,TGAATT,1507
2091,GAATTC,1013
2092,TTCCTG,2366
2093,TGGGCT,1610
2094,GCAATA,753
2095,AATACT,1172
2096,ATACTC,620
2097,TACTCC,739
2098,TCCCGC,338
2099,CCGCCT,857
2100,CCTCCG,543
2101,CTCCGC,591
2102,TCCGCC,670
2103,CCTCCA,2242
2104,AAAGTG,2238
2105,TCGGAT,104
2106,CGGATT,116
2107,GGATTA,1860
2108,GATTAC,1472
2109,ATTACT,975
2110,TACTGG,907
2111,ACTGGT,907
2112,CTGGTG,1407
2113,GGTGTT,882
2114,TGTTTG,1796
2115,GTTTGC,771
2116,CGCCAA,175
2117,GCCAAG,1464
2118,CCAAGC,936
2119,CAAGCC,851
2120,AAGCCT,1131
2121,GCCTGA,1217
2122,CCTGAC,1733
2123,CTGACT,1241
2124,GACTAG,560
2125,ACTAGC,428
2126,CTAGCT,766
2127,TAGCTC,724
2128,AGCTCT,1388
2129,GCTCTG,1955
2130,CTGGTT,1180
2131,GACAAC,655
2132,ACAAAC,1502
2133,CAAACG,176
2134,ACGAAG,229
2135,CGAAGC,188
2136,GAAGCC,1104
2137,AAGCCG,214
2138,GCCGAA,161
2139,CCGAAG,216
2140,CGAAGA,180
2141,AGACAG,2250
2142,GACAGA,2130
2143,ACAGAG,2599
2144,GGACTC,818
2145,ACTCTT,1179
2146,CTTTCA,1434
2147,TCAGAG,1630
2148,AGAGCA,1658
2149,GAGCAA,1265
2150,CAAATT,1602
2151,TTGAGC,1041
2152,TGAGCA,1378
2153,AGCAAG,1448
2154,GCAAGG,1038
2155,AGGAGG,3205
2156,AGGAAG,2820
2157,GGAAGC,1316
2158,GAAGCT,1228
2159,GGTCTC,1606
2160,TCAACC,774
2161,CCTGAG,2283
2162,ACCAAT,854
2163,CCAATT,837
2164,TCACCC,1450
2165,CACCCT,1494
2166,CCTTTG,1441
2167,TTGTAA,1335
2168,ACCCTC,1211
2169,TCCCTA,1042
2170,CCCTAC,697
2171,CCTACA,838
2172,CCCACA,1652
2173,CCACAA,1360
2174,GTGAGA,1696
2175,CATCAG,1207
2176,ATCAGT,960
2177,CAGTCC,981
2178,GTCCCT,1174
2179,CCCTGA,1559
2180,TGAAGT,1268
2181,GCAGAA,1622
2182,CAGAAA,2666
2183,AAAGTA,1523
2184,AAGTAG,1090
2185,GTAGAC,437
2186,TAGACC,484
2187,CCTTCC,2221
2188,CTTCCC,2180
2189,TTCCCA,2051
2190,CCCATC,1641
2191,ATCTGT,1303
2192,TGTAGC,687
2193,GTAGCC,511
2194,GCCAAA,1113
2195,TGGTGC,1215
2196,GGTGCG,371
2197,GTGCGA,176
2198,TGCGAC,108
2199,CGACTG,140
2200,GACTGT,823
2201,TTTAAT,2127
2202,TTAATC,892
2203,TAATCC,1973
2204,TCCAGA,1638
2205,CCAGAT,1140
2206,GATACG,105
2207,ATACGA,152
2208,TACGAA,146
2209,TGGAGA,2202
2210,CATTGT,1200
2211,ATTGTA,1126
2212,GTAAAC,649
2213,CAGCAG,2083
2214,AGCAGG,1724
2215,GCAGGG,1736
2216,AGGGGC,1323
2217,GGGCGT,421
2218,GGCGTA,124
2219,GCGTAA,90
2220,CGTAAG,122
2221,GAGAGT,1000
2222,AGAGTA,917
2223,TAGGGA,1077
2224,GAGAAG,2120
2225,AGAAGT,1489
2226,AAGTTT,1554
2227,AGTTTG,1404
2228,GTTTGT,1510
2229,CCTAAT,814
2230,GTACAG,768
2231,GGTTAT,620
2232,TTATGT,1294
2233,TGTTCT,1774
2234,GTTCTT,1278
2235,TTACTA,795
2236,TACTAT,815
2237,CTATAC,524
2238,TATACT,877
2239,ATACTA,790
2240,TACTAG,483
2241,ACTAGA,827
2242,CTAGAA,1326
2243,TAGAAA,2003
2244,GCAAGT,726
2245,AAGTGG,1362
2246,TGGGAA,2100
2247,GAACTG,1125
2248,ATGAGC,1110
2249,TGGACG,187
2250,GGACGC,188
2251,GACGCA,147
2252,ACGCAA,139
2253,CGCAAG,154
2254,GAAGGC,1145
2255,AAGGCT,1228
2256,AGGCTT,1075
2257,GGGCTC,1263
2258,GGCTCT,1302
2259,CTCTTG,1457
2260,TCTTGG,1604
2261,GGAGCC,1233
2262,GGAGGG,2360
2263,AGGGAT,1241
2264,GGGATA,710
2265,ATAACA,1177
2266,TAACAC,786
2267,AACACT,1162
2268,CTGAGT,1568
2269,AGCGGA,221
2270,GCGGAG,611
2271,CGGAGA,331
2272,AATCGG,138
2273,ATCGGG,148
2274,TCGGGG,348
2275,CGGGGA,421
2276,GGGGAC,1013
2277,GGGACG,236
2278,GACGCG,83
2279,ACGCGT,34
2280,CGCGTC,68
2281,CTTTAA,1425
2282,GACGGA,363
2283,ACGGAT,126
2284,CGGATA,72
2285,GGATAG,551
2286,TAGTAT,735
2287,GTATTG,633
2288,TATTGA,1086
2289,TGAGAC,2064
2290,CAAGCG,400
2291,AGCGTG,249
2292,GCGTGG,621
2293,CGTGGA,324
2294,GGAAGA,2270
2295,GCAGCC,1442
2296,CAGCCA,1943
2297,AAGCGC,152
2298,AGCGCC,262
2299,GCGCCG,164
2300,CGCCGC,227
2301,GCCGCG,196
2302,CCGCGT,90
2303,CTCTGC,2004
2304,AGCTTT,1248
2305,GCTTTC,983
2306,CTAGGC,745
2307,TAGGCC,548
2308,AGGCCC,1181
2309,GGCCCT,1165
2310,GCCCTG,1668
2311,CCCTGG,2003
2312,AAGAGA,2519
2313,AGAGAG,2672
2314,AGGCTC,1243
2315,TAGGTG,756
2316,GTGGTT,1022
2317,CAAAGT,1956
2318,TGTATA,1239
2319,ATATCC,777
2320,TATCCC,748
2321,AAGGGT,915
2322,AGGGTA,782
2323,GGGTAC,448
2324,GGTACG,100
2325,GTACGG,78
2326,TACGGC,94
2327,ACGGCT,191
2328,GGCTCG,221
2329,GCTCGT,132
2330,CTCGTG,361
2331,TCGTGT,152
2332,CGTGTT,278
2333,AGATTT,1705
2334,TGTGAC,970
2335,GTGACT,923
2336,TGACTC,994
2337,TCTGAG,1796
2338,TGCCTC,2329
2339,GCACTG,1078
2340,CTCCAT,1683
2341,CCATCG,229
2342,CATCGC,198
2343,TCGCAG,204
2344,CGCAGG,334
2345,GCATTT,1419
2346,CATTTT,2744
2347,TTTTCG,219
2348,TTTCGA,138
2349,TTCGAG,386
2350,TCGAGG,237
2351,CGAGGG,291
2352,GCGTGT,191
2353,CGTGTG,309
2354,GTGTGG,1384
2355,TGGTTG,966
2356,GGTTGA,812
2357,GTTGAG,833
2358,TATTCG,113
2359,ATTCGT,136
2360,TTCGTG,209
2361,TCGTGG,256
2362,GGAGCA,1240
2363,GAGCAG,1573
2364,GCAGTA,704
2365,CAGTAG,968
2366,TAGCCC,565
2367,CCCCTG,1486
2368,CCTGGT,1381
2369,GGTATT,837
2370,TATTGG,854
2371,GGTTTG,1059
2372,GTTTGA,1196
2373,TTGAGG,1466
2374,GTGACG,168
2375,TGACGT,207
2376,GACGTT,150
2377,ACGTTG,205
2378,CGTTGT,160
2379,GTTGTG,770
2380,TTGTGT,1396
2381,CAGTTC,1070
2382,GTTCTC,1155
2383,TCTCAT,1610
2384,TCATGT,1277
2385,CATGTG,1517
2386,GCCTGC,1122
2387,CCTGCA,1589
2388,TTGATG,1092
2389,TGATGC,797
2390,GATGCA,833
2391,TGCAGG,1624
2392,GCAGGC,1236
2393,AGCAAC,855
2394,GCAACT,695
2395,TAGTTT,1412
2396,TTCGCG,34
2397,TCGCGT,36
2398,CGCGTG,110
2399,GTTTGG,960
2400,TTGGGT,1087
2401,TGGGTT,1435
2402,AAATAC,2317
2403,AATACA,2197
2404,AAGAAT,1998
2405,AGTAGT,676
2406,GTAGTG,616
2407,TAGTGA,879
2408,TGACTG,1058
2409,CTGAAC,886
2410,TGAACG,158
2411,GAACGT,152
2412,AACGTT,182
2413,ACGTTT,255
2414,GGTTAG,497
2415,GTTAGA,623
2416,TAGAGT,777
2417,ATACCC,611
2418,TACCCA,933
2419,AACCAT,988
2420,CATCGT,207
2421,ATCGTA,111
2422,TCGTAC,71
2423,CGTACT,70
2424,TCTGGC,1206
2425,GGCTAG,619
2426,GCTAGC,372
2427,TCAGCT,1595
2428,CAGCTG,1860
2429,TGCATC,917
2430,ATCAGG,999
2431,TCAGGC,1265
2432,CAGGCC,1534
2433,AGGCCA,1795
2434,GGCCAC,990
2435,ACTAGT,483
2436,CTAGTC,475
2437,GTCCGG,179
2438,TCCGGA,217
2439,ATTTAG,1142
2440,AGGAAT,1723
2441,GAATCA,1221
2442,CACGAT,249
2443,ACGATC,178
2444,CGATCC,187
2445,GATACT,628
2446,ATACTT,1099
2447,TACTTT,1497
2448,CTTTTC,2116
2449,TTTTCA,2482
2450,TTCATT,2022
2451,CCATAC,522
2452,CATACT,715
2453,TGATTC,1146
2454,GATTCA,989
2455,ATTCAT,1409
2456,TCATAC,622
2457,TACTCA,1049
2458,CAACAG,1375
2459,AGGCTA,797
2460,GGCTAC,502
2461,CTACTG,878
2462,GCAACC,1070
2463,CAACCG,139
2464,AACCGG,146
2465,ACCGGG,265
2466,GAGGGT,1096
2467,TTTGCG,154
2468,TTGCGG,177
2469,TGCGGT,267
2470,CGGTGC,197
2471,GTGCGT,184
2472,TGCGTT,148
2473,GCGTTT,160
2474,TTTGCT,1758
2475,TTGCTG,1520
2476,GCTGCT,1461
2477,CTGCTT,1598
2478,GCTTAT,610
2479,TATATT,1851
2480,CTCTCT,2629
2481,TCTAGT,718
2482,TCAGCG,239
2483,GCGGAA,189
2484,ATTTGA,1594
2485,TTGAAC,1603
2486,GAACGG,161
2487,AACGGG,187
2488,ACGGGG,560
2489,TCATTC,1411
2490,CATTCA,1328
2491,CAAGGC,1132
2492,CTGCCC,1922
2493,TGCCCT,1474
2494,GCCCTA,543
2495,CCTACT,792
2496,TACTGT,901
2497,ACTGTC,930
2498,TCAAGT,1282
2499,GTGGAT,1059
2500,GGATGA,1118
2501,GATGAA,1271
2502,AAACGC,201
2503,AACGCT,172
2504,CGCTGA,216
2505,GCTGAC,767
2506,TGACTT,1340
2507,GACTTA,621
2508,TTAAGA,1281
2509,TAAGAT,936
2510,GAGGAT,1385
2511,AGGATT,1330
2512,GGATTG,836
2513,GATTGC,806
2514,CAGTGT,1367
2515,TGTTGA,1209
2516,GTGCAA,937
2517,ACATGG,1740
2518,CATGGA,1412
2519,ATGGAC,784
2520,CATATT,1283
2521,GCTCAT,1058
2522,AATTAT,1766
2523,TTTGGT,1350
2524,TTGGTA,770
2525,TGGTAG,848
2526,GGTAGA,870
2527,ACGGAC,130
2528,CGGACT,134
2529,CTCTCG,283
2530,TCTCGC,374
2531,CTCGCT,416
2532,TCGCTC,367
2533,CTCTGT,2455
2534,CTGTCG,311
2535,TGTCGC,272
2536,TGGACT,979
2537,CGATCG,27
2538,ATCGCG,142
2539,TCGCGG,93
2540,CGCGGC,163
2541,GCTCTC,1016
2542,TCTGCA,1540
2543,TGCAAC,1141
2544,ACTTCC,1277
2545,CTTCCG,300
2546,TTCCGC,219
2547,CGCCTA,171
2548,GCCTAC,534
2549,CCTACC,831
2550,CTACCG,114
2551,TACCGG,110
2552,GATCAA,807
2553,TCAAGC,1146
2554,AGCGAT,374
2555,GTCCTG,1136
2556,TCCTGC,2138
2557,CCTGCC,2628
2558,CTGCCT,3074
2559,CCTCAG,3115
2560,TCCCGA,458
2561,CCCGAG,558
2562,CCGAGT,417
2563,CGAGTA,276
2564,AGGCGC,540
2565,GCGCCC,513
2566,ACCACA,1875
2567,CACCCG,470
2568,ACCCGT,167
2569,CCCGTT,190
2570,CGTTTA,155
2571,CAGGGT,1700
2572,AGGGTT,1148
2573,ATTCGG,147
2574,TTCGGG,224
2575,TCGGGC,217
2576,CGGGCT,296
2577,GGGCTG,1836
2578,TCTCGA,465
2579,CTCGAA,358
2580,CGAACT,287
2581,GAACTC,1224
2582,CTGACC,1707
2583,TGACCC,952
2584,GACCCC,939
2585,ACCCCA,1782
2586,CCCCAG,2323
2587,GTGATC,1424
2588,GATCCG,304
2589,ATCCGC,283
2590,GCCTCG,470
2591,CCTCGG,650
2592,TGGGAT,2352
2593,GGGATT,2023
2594,ATTACA,2184
2595,TTACAG,2190
2596,AGGCGT,620
2597,CGTGAG,530
2598,GAGCCA,2076
2599,ACAGCA,1546
2600,AGCACC,980
2601,GCACCC,873
2602,CCGGCC,581
2603,CGGCCA,363
2604,GGCCAT,896
2605,GCCATA,663
2606,ATTAAT,1522
2607,TTATTG,1316
2608,TTGGTC,869
2609,TGGTCA,1146
2610,AGGAGC,1378
2611,TTACAC,736
2612,TCAAAT,1498
2613,AAATCC,1265
2614,GACCAA,958
2615,CAAAGC,1111
2616,AGGATC,1024
2617,TCAATT,1127
2618,CAATTG,656
2619,AATTGA,1138
2620,AGTTCA,1325
2621,GTTCAG,872
2622,TTCAGG,1495
2623,AGTTGG,965
2624,GTTGGA,859
2625,CCAGCC,3327
2626,CTAACA,963
2627,ACATAG,1058
2628,CAGGTA,1024
2629,GTATGG,563
2630,TATGGT,817
2631,GGTGGT,1249
2632,GGTGCA,1037
2633,GTGCAC,721
2634,GCACAC,925
2635,ACCTGT,1453
2636,CTGTGG,1844
2637,GTGGTC,806
2638,TGGTCC,828
2639,GGTCCC,896
2640,GGCCAA,1600
2641,ATTGCC,786
2642,TTGCCT,1269
2643,TGGGCC,1159
2644,GGGCCT,1225
2645,GGCCTA,553
2646,GCCTAG,698
2647,CCTAGG,976
2648,AGCCAT,1202
2649,GCCATG,1180
2650,CCATGC,1237
2651,CATGCT,1066
2652,TGCTTG,1309
2653,GCTTGC,667
2654,CTTGCA,1043
2655,CAGTGC,1081
2656,TGCCAC,1600
2657,ACTCCA,2171
2658,CTCCAG,2936
2659,GGGTGA,1374
2660,GGTGAC,1039
2661,TGACAG,1560
2662,CAGGGC,1571
2663,AGACCT,1056
2664,GACCTC,1396
2665,CAACTC,987
2666,ATAAAC,1225
2667,ACTTTA,1179
2668,CTTTAC,874
2669,TTTACT,1352
2670,TTACTT,1237
2671,TACTTA,832
2672,AATTAC,1030
2673,GAGGGG,1710
2674,GGGACA,1284
2675,GGACAG,1381
2676,GACAGC,896
2677,CAGAGT,1751
2678,AATCCT,1406
2679,ATCCTA,884
2680,TCCTAG,1021
2681,CCTAGC,687
2682,CTAGCA,684
2683,TTTCGG,195
2684,TGAGTC,1010
2685,GAGTCC,865
2686,AGTCCA,1047
2687,GTCCAG,1177
2688,TTGTGC,817
2689,GCTCAA,1055
2690,CTCAAG,1537
2691,CAAGTA,986
2692,AAGTAA,1369
2693,GTAATA,792
2694,ACTATC,520
2695,CTATCA,746
2696,TATCAG,801
2697,ATCAGC,895
2698,CTCAAT,1019
2699,TCAATC,662
2700,CAATCT,1102
2701,CTTGGT,1017
2702,TATCTT,1289
2703,AACTTG,933
2704,ACATTT,2267
2705,AATTTG,1669
2706,GAGTCA,1041
2707,CAATTA,972
2708,AATTAA,2155
2709,ATTAAG,1018
2710,TAAGAA,1630
2711,GCATAA,693
2712,TAATTA,1375
2713,AATCAG,1234
2714,ATCAGA,1188
2715,TCAGAA,1776
2716,GGTGTC,758
2717,GTGTCT,1247
2718,GGGTGC,874
2719,CCAGTG,1419
2720,CGTGAT,389
2721,TGATCT,1545
2722,CTCCAC,1707
2723,GGGTTC,1103
2724,GGTTCA,1361
2725,AGTGAT,1447
2726,TTCTCG,260
2727,TCTCGT,222
2728,CGTGTC,191
2729,CCCTAG,741
2730,GGCGCA,398
2731,GCGCAC,185
2732,CGCACG,85
2733,GCACGC,210
2734,ACGCCA,357
2735,CAAACC,1018
2736,AGCTAA,1164
2737,ATTTCG,168
2738,CGCCAT,421
2739,ATGTTG,1670
2740,GTTGGC,907
2741,TTGGCC,1515
2742,TGGCCA,2199
2743,GGCCAG,2115
2744,TTGACC,725
2745,TGACCT,1693
2746,GACCTG,1069
2747,GATGAT,971
2748,GCCCAT,914
2749,CGGCCT,694
2750,GGCCTC,1911
2751,AATGCT,1210
2752,ATGCTG,1346
2753,CATGAG,1455
2754,ATGCCC,1065
2755,CGGGCC,348
2756,GGGCCA,1234
2757,GGAATT,1283
2758,TTTAGC,765
2759,TAGCAC,586
2760,CCACAT,1414
2761,CACATT,1387
2762,GTAGTT,743
2763,TAGTTC,689
2764,GTTCCT,1159
2765,TTCCTA,1291
2766,TCCTAA,1090
2767,CCTAAG,774
2768,TAAAAG,1791
2769,GAGATT,1505
2770,ATTTGT,1812
2771,TGTAAG,889
2772,AAGGCC,988
2773,CACGCA,269
2774,ACGCAG,246
2775,CAAGAA,1829
2776,ACATCC,905
2777,TAGCTA,714
2778,CATGGT,1708
2779,GGCTTG,839
2780,GCTTGG,980
2781,TGGCAT,1227
2782,CATGCG,206
2783,ATGCGC,165
2784,TGCGCC,322
2785,GAATCG,321
2786,AATCGC,342
2787,ATCGCT,400
2788,TCGCTT,426
2789,CGCTTG,444
2790,GCTTGA,1164
2791,AATCCG,115
2792,ATCCGG,159
2793,TCCGGG,375
2794,CGCAGT,300
2795,CCACCG,556
2796,ACCGCA,287
2797,CCGCAC,277
2798,CGCACT,170
2799,TGAGCG,204
2800,TAGAGC,583
2801,CGACAC,128
2802,GACACT,918
2803,ACACTC,967
2804,ACTCCG,431
2805,CTCCGT,473
2806,ATGTCA,1060
2807,ATCTAG,672
2808,AGGAAC,1287
2809,ACAATT,1260
2810,CTACTT,1149
2811,GAACCA,1058
2812,AACCAC,1076
2813,ACCCAA,1052
2814,GCTGAT,854
2815,GTGAAT,981
2816,TCACTT,1833
2817,CACTTG,1348
2818,GACAAT,860
2819,CTGCAT,1288
2820,CATATC,729
2821,TATCCT,927
2822,CTTGTT,1247
2823,GTTTAC,596
2824,CTAAGA,906
2825,TAAGAG,1010
2826,AATCTG,1189
2827,ATCTGC,1079
2828,TCTGCT,1682
2829,GCTTGT,724
2830,CTTGTA,900
2831,TTGTAG,1130
2832,CCCTGC,1701
2833,CCTGCT,1626
2834,CTGCTC,1563
2835,GCAAGA,1316
2836,TACATT,1336
2837,CAGTTG,849
2838,GAGTAA,759
2839,ATACCT,889
2840,TACCTC,817
2841,ACCTCT,1572
2842,CCTCTT,1767
2843,TTTCCT,2838
2844,TTCCTC,2117
2845,CAATAT,1149
2846,AATATG,1337
2847,TGTGGG,1629
2848,GTGGGT,1112
2849,TGGGTC,974
2850,GGGTCC,873
2851,GGTCCT,867
2852,TCTTAG,837
2853,TAGAGG,909
2854,AGGGCC,1203
2855,GGGCCC,1128
2856,CTCATT,1508
2857,ATAGGG,667
2858,TAGGGT,663
2859,GGGTTG,897
2860,TTGCCA,1143
2861,CTTAGT,657
2862,TTAGTG,763
2863,GTGTGA,1343
2864,GTGATA,773
2865,GATAAT,917
2866,ATAATA,1786
2867,GTGCAT,793
2868,TGCATT,1290
2869,TTTGAC,984
2870,TGACCA,1149
2871,GACCAC,929
2872,TTTCTA,1908
2873,CTAAAT,1172
2874,CTGGCC,2147
2875,GCCATC,870
2876,ATCCTT,1215
2877,GAGCTC,1002
2878,AGCTCG,171
2879,GCTCGA,131
2880,TCGAGC,128
2881,CGAGCG,90
2882,GCGAGT,146
2883,CGAGTG,207
2884,CACATG,1423
2885,TTCCAG,2000
2886,GGTTGT,771
2887,TGTTGT,1289
2888,GTTGTA,655
2889,GTAATT,1002
2890,TAATTG,910
2891,CCTTTA,1153
2892,CTTTAT,1595
2893,TTATCA,1084
2894,CAGTAC,592
2895,GTACAT,716
2896,TCCTAT,944
2897,GTGACC,769
2898,GACCTT,894
2899,CAATGT,1030
2900,TTGACT,943
2901,TCGAGT,105
2902,GAGCCC,1316
2903,AGCCCA,1571
2904,TGATAT,1067
2905,TACTCT,941
2906,CTTGAT,918
2907,GACTTC,941
2908,TCTTCC,2157
2909,CTTCCT,2690
2910,CTCTTC,1868
2911,TTGTTC,1199
2912,TCACCT,1740
2913,CACCTT,1340
2914,TCCTCC,2407
2915,TCCTCG,335
2916,CCTCGT,386
2917,CTCGTT,200
2918,CGTTCT,219
2919,CCTTGT,1228
2920,TGCTTT,1721
2921,GTCTGG,1077
2922,TTTTAC,1372
2923,TAAGCT,632
2924,AGCTTG,943
2925,AATCGT,135
2926,TCGTAG,114
2927,GTAGAA,987
2928,ATGGCA,1326
2929,GGCATA,607
2930,ATAGGC,639
2931,GTCACC,1049
2932,CCATCA,1325
2933,CATCAT,1334
2934,CATCTT,1553
2935,ATCTTT,1763
2936,AATGCG,124
2937,ATGCGG,164
2938,TGCGGA,198
2939,CGGATG,188
2940,ACCAGT,871
2941,CCAGTA,901
2942,AGAACC,954
2943,CCGTTA,93
2944,CGTTAG,119
2945,AGAGTT,1172
2946,AGTTGC,630
2947,CTAGGG,752
2948,TAGGGC,510
2949,AGGGCA,1471
2950,GGGCAA,1358
2951,AAGATC,1078
2952,CTTTGC,1198
2953,CTCTAA,990
2954,TCTAAG,812
2955,ACACAT,1473
2956,CATGGC,1180
2957,GCTGTC,868
2958,TGTCTA,878
2959,GTCTAT,619
2960,TCTATC,898
2961,CTATCT,918
2962,AGTATA,849
2963,GTATAA,758
2964,TATAAT,1543
2965,AATTGT,1212
2966,TTGTCG,107
2967,TGTCGA,112
2968,GTCGAA,95
2969,CGAACA,144
2970,AACAGT,1130
2971,ACAGTC,872
2972,GTCTTA,701
2973,CTTAGC,668
2974,TTAGCT,1102
2975,TAGCTT,814
2976,GCTTTA,766
2977,TACAGA,1403
2978,TAGAAG,1157
2979,GAAGAT,1309
2980,GATATT,1114
2981,GTTCCC,927
2982,TATACC,637
2983,TACCCT,744
2984,ACCCTG,1664
2985,CCCAAT,805
2986,CCAATA,915
2987,TACCCC,610
2988,ACTATT,986
2989,AGTCCT,1150
2990,GTCCTT,1074
2991,TCCTTA,1114
2992,CCTTAC,658
2993,ATGGTA,947
2994,TGGTAC,588
2995,GGTACT,472
2996,CTGCCG,362
2997,CCGCGC,273
2998,GCGATG,172
2999,CGATGA,166
3000,ACTCAC,1084
3001,GGACGT,167
3002,GACGTC,152
3003,ACGTCA,198
3004,CGTCAA,111
3005,AAGGCG,319
3006,CGGGCA,555
3007,GGGCAG,2025
3008,GCAGAT,1055
3009,CAGATC,995
3010,ATCACC,1148
3011,AGTTCG,339
3012,GTTCGA,303
3013,GCCAAT,737
3014,ACCAAC,892
3015,GCATGG,1213
3016,GGGCAC,1014
3017,GGCACC,917
3018,GCACCT,1078
3019,CTCGGG,560
3020,TCGGGA,483
3021,ATAGCT,814
3022,AGGTGG,2200
3023,AGCAGA,1696
3024,TGTGCC,1359
3025,CCAGGG,2006
3026,CGACAA,152
3027,TGCCGG,264
3028,GGCACG,464
3029,GCACGG,278
3030,CACGGT,423
3031,ACGGTG,437
3032,TGGTTC,982
3033,TTCACG,293
3034,ACCTCG,476
3035,CTCGTC,207
3036,TCGTCT,232
3037,GATGGC,913
3038,TTTACC,884
3039,TTACCC,661
3040,TACCCG,156
3041,CCGGAG,351
3042,TCAGTG,1360
3043,GATCGT,188
3044,ATCGTG,237
3045,TCGTGC,244
3046,CGTGCC,458
3047,GACTCC,1160
3048,AAAGGG,1636
3049,AGGGTG,1375
3050,TTCATG,1380
3051,CCCATT,1322
3052,CCATTC,1352
3053,ATTACG,117
3054,TTACGA,124
3055,CGAATG,140
3056,GAATGC,784
3057,CTCCGG,363
3058,TCCGGT,129
3059,CCGGTA,101
3060,CGGTAG,119
3061,GGTAGT,476
3062,GTAGTA,484
3063,GTACCT,511
3064,TACCTA,634
3065,CCTATG,711
3066,CTATGC,548
3067,TATGCC,568
3068,ATGCCA,1285
3069,ATACAC,944
3070,TACACA,1263
3071,ACACAG,1884
3072,GGTTCT,991
3073,CATTTC,1746
3074,CAAGTT,925
3075,CTTGGG,1583
3076,GCCGGT,165
3077,CCGGTT,150
3078,CGGTTT,193
3079,TAACTG,852
3080,AACTGG,1291
3081,ACTGGC,933
3082,GATGTG,1202
3083,ATGTGC,1127
3084,TGTGCA,1320
3085,GTAAAG,898
3086,ATTTCC,1670
3087,GTAAGA,830
3088,AACACG,335
3089,ACACGA,189
3090,CACGAC,174
3091,ACGACC,131
3092,CCACGA,213
3093,CACGAA,213
3094,CGAAGG,217
3095,GACTCG,153
3096,CCCTCA,1631
3097,CTGATC,902
3098,CGGAAT,148
3099,TCAGAC,935
3100,CAGACG,339
3101,AGACGC,240
3102,GACGCC,192
3103,CGCCTT,277
3104,GCCTTA,564
3105,CCTTAT,847
3106,CTTATC,632
3107,TTATCC,866
3108,TATCCA,976
3109,ATCCAT,1120
3110,CCATTA,888
3111,CATTAG,805
3112,GCCACG,289
3113,GCGGCC,371
3114,GGCCGC,327
3115,GCCGCA,233
3116,CGCGGG,216
3117,CGGGTG,487
3118,GTGCTA,617
3119,CACATC,1199
3120,CGTTGA,138
3121,AACCTT,1006
3122,ACCTTT,1152
3123,TAACTT,1020
3124,ACTTCG,183
3125,CTTCGT,213
3126,TTCGTA,123
3127,TCGTAA,101
3128,CGTAAT,137
3129,ACAACT,953
3130,GCGGGG,610
3131,CGGGGG,488
3132,GTGGGC,1193
3133,TGGGCA,2231
3134,CTAATA,932
3135,GAATTA,1070
3136,AACTGC,881
3137,ACTGCG,251
3138,CTGCGA,205
3139,TGCGAG,176
3140,TGATCA,1040
3141,GATCAG,800
3142,GACATC,635
3143,AAGTTA,1033
3144,AGTTAC,658
3145,GTTACT,655
3146,TGCACG,235
3147,GCACGT,245
3148,CACGTT,267
3149,ACGTTC,171
3150,TCGGGT,195
3151,CGGGTA,148
3152,GGTACA,695
3153,GTCTGC,792
3154,ATGAAG,1528
3155,CAGCGT,271
3156,AGCGTA,97
3157,TCATTG,1113
3158,ATTGTT,1293
3159,TTGATC,794
3160,TACGAT,129
3161,ACGATG,230
3162,CGATGG,225
3163,GTGCTT,838
3164,GCTTCC,1325
3165,AAAGCC,1144
3166,GTAAGC,449
3167,AAGAGC,1200
3168,AGAGCT,1319
3169,AGCTCC,1415
3170,CTCCCC,2026
3171,TCCCCT,1779
3172,AGACAC,1303
3173,CACTGG,1410
3174,AGACCG,209
3175,GACCGT,135
3176,ACCGTA,104
3177,CCGTAA,117
3178,GTGGGA,1685
3179,AAGGAT,1300
3180,AGGATA,1018
3181,ACTGCC,942
3182,GTATTA,690
3183,ATGCTC,783
3184,CTCACC,1683
3185,CATGGG,1142
3186,TGACGG,202
3187,ACGGGT,144
3188,CAATCG,132
3189,GTACTC,411
3190,CCAGAC,1189
3191,CAGACA,1552
3192,CGCAAT,162
3193,ACCTGC,1211
3194,GTTGAA,1044
3195,CCCCCT,1094
3196,GCCCCA,1465
3197,TGCCTA,870
3198,GCCTAA,553
3199,ATTGCT,1291
3200,CTAAGC,577
3201,ATTGAT,1074
3202,TGGGGC,1504
3203,TGTTAC,788
3204,GTTACC,464
3205,CCTTTC,1655
3206,CCCTAT,671
3207,GGGTAG,708
3208,GGTAGG,759
3209,AGATTA,1111
3210,CCAATC,717
3211,ACAGAT,1370
3212,GATTCC,865
3213,TTCGCA,127
3214,TCGCAT,100
3215,CGCATC,142
3216,GCATCG,153
3217,ATCGTC,129
3218,CTTGGC,1494
3219,TTGGCT,1454
3220,TCATGG,1198
3221,AATGAC,1049
3222,ATGACG,157
3223,TGACGA,117
3224,ACTGGG,1493
3225,TCCAGT,1328
3226,CCCAGT,1541
3227,GTCCTA,551
3228,CCTATC,547
3229,TATCTC,1044
3230,ATCTCC,1379
3231,AGATGC,985
3232,GCATCT,1008
3233,CAGCCC,1801
3234,AGCCCT,1346
3235,GATCCC,801
3236,ATCCCT,1315
3237,TCCCTT,1801
3238,TTGTAC,685
3239,ACCATT,1156
3240,GAATTG,1047
3241,GGTGTA,569
3242,TGTATC,818
3243,GTATCC,487
3244,TATGTA,1221
3245,ACACTA,666
3246,CCACGG,389
3247,CACGGA,278
3248,ACGGAA,223
3249,CGGAAC,142
3250,GGAACG,192
3251,GAACGC,124
3252,ACGCTA,103
3253,CGCTAG,100
3254,CTAGTT,706
3255,GGGGCC,1269
3256,GGGCCG,392
3257,GCCGGA,228
3258,CCGGAC,226
3259,CTAGAT,684
3260,TAGATG,860
3261,CTCAGA,1771
3262,AAAGCG,210
3263,CGTCCT,211
3264,TTAGAT,839
3265,TAGATT,943
3266,CCAGTT,1209
3267,TTGGGG,1538
3268,ACTTGC,739
3269,TTGGGC,870
3270,GCACTA,534
3271,CACTAC,649
3272,CTTATG,746
3273,ACAGAC,1233
3274,CAGACT,1225
3275,CTTATT,1262
3276,TCACAT,1306
3277,TAGTGG,801
3278,TCTAAC,620
3279,GGGCAT,1099
3280,CTGGCA,1308
3281,GCAGAC,777
3282,AGACGT,241
3283,GACGTA,105
3284,CGTAGG,131
3285,GTAGGC,448
3286,AGATAG,913
3287,TTGGCA,1035
3288,TGGCAC,1209
3289,GGCACA,1420
3290,CACAGT,1484
3291,ACAGTT,1044
3292,AGTTAG,672
3293,GTTAGT,477
3294,TAAGGT,655
3295,TAGACT,672
3296,CATCGA,144
3297,TATTGT,1198
3298,GTTATA,704
3299,GGGGTA,604
3300,GGTACC,444
3301,GTACCC,437
3302,ACCCTA,706
3303,CCTATA,747
3304,GATGCT,894
3305,GCTAAA,780
3306,ATTGGC,693
3307,GGCACT,844
3308,TTATAC,762
3309,TACCAG,822
3310,TGATAC,661
3311,GATGCC,819
3312,GGTTCC,787
3313,TCTATA,886
3314,TATAAC,647
3315,GGGTGT,1017
3316,ATTGGG,827
3317,TTAGAC,573
3318,CCAATG,823
3319,TGCATG,1107
3320,AGGTGT,1257
3321,GTGTAC,440
3322,TACAAC,649
3323,CGTTCA,148
3324,TTATGG,896
3325,TGGTTA,792
3326,CTGACG,194
3327,GACGTG,247
3328,TGTGTG,2578
3329,ATGTGT,1495
3330,GGGGCT,1475
3331,GGGCTA,536
3332,CACATA,1194
3333,ATATCT,1148
3334,CTATAT,836
3335,TGGCAA,1266
3336,GGCAAA,1261
3337,AACACC,911
3338,GATCAT,991
3339,GTTATC,457
3340,GACTTT,1181
3341,TCATCC,1222
3342,CATCCA,1277
3343,AGGACG,238
3344,ACGTGG,346
3345,CTAGTA,463
3346,ATTAGT,874
3347,AGGTTC,1010
3348,ATCCCC,978
3349,AGGCCT,1364
3350,GCCTAT,599
3351,ATATCG,121
3352,TATCGA,91
3353,CGAAAA,227
3354,GATATC,524
3355,ATCTAC,734
3356,TGTCAT,1206
3357,CTATTC,919
3358,GCATCC,795
3359,AAGTAC,654
3360,GTACGT,98
3361,TACGTA,136
3362,ACGTAT,182
3363,CGTATA,132
3364,GTATAC,462
3365,ACAACG,156
3366,CAACGG,132
3367,CGGGGT,511
3368,GTACTA,387
3369,TTCGGC,173
3370,GTCATT,960
3371,AAGCGG,251
3372,TGTGCG,206
3373,GTGCGG,275
3374,TGCGGG,303
3375,GCGGGA,389
3376,CGGGAA,335
3377,ATGCGA,124
3378,GACACA,1394
3379,GGGTAA,675
3380,GGTAAA,906
3381,CCCACG,395
3382,CCACGT,352
3383,CACGTA,199
3384,ACGTAA,157
3385,CGTAAA,129
3386,TAAACG,156
3387,CGGCAA,155
3388,GATACA,893
3389,AATTGC,946
3390,CACACT,1285
3391,GGATTC,847
3392,CACCGG,226
3393,AACAGC,1035
3394,GCCCCG,453
3395,CCCCGG,428
3396,GGCTCC,1263
3397,GCTCCA,1199
3398,AGAGTC,1119
3399,GAGTCG,160
3400,GTCGGC,113
3401,CCACTC,1289
3402,CACTCG,202
3403,ACTCGT,130
3404,TCGTCC,162
3405,TCCATG,1376
3406,CATGCA,1136
3407,ACGAGA,225
3408,GCCCTT,983
3409,TCGCGA,25
3410,CGCGAC,54
3411,GGTCAA,780
3412,TTGCGA,108
3413,TGCGAT,208
3414,ACTAAC,490
3415,TAACGT,157
3416,GTATAG,493
3417,GTTCAT,969
3418,TCCACG,283
3419,TAATAC,743
3420,AATACG,175
3421,ATACGT,168
3422,CGTAAC,77
3423,GTAACT,621
3424,AACTAG,755
3425,CATTAA,1124
3426,GGTTAC,470
3427,CAGATG,1503
3428,GGGGCA,1239
3429,GGCAGT,972
3430,GGATAC,533
3431,ATATAG,850
3432,TATAGT,804
3433,ATAGTT,942
3434,AGCATG,1133
3435,ATAAGA,1293
3436,TATCAT,1057
3437,GATAGC,392
3438,GATTAT,976
3439,AATGTC,1080
3440,TGTAAC,774
3441,GTAACA,770
3442,GGATGC,775
3443,GCTTCG,143
3444,TCGTTT,237
3445,AATATC,1150
3446,CATGTA,1073
3447,GTATCA,582
3448,ATCATA,994
3449,TCCATA,882
3450,CATAGA,895
3451,TAGACG,117
3452,GACGAA,142
3453,TACTGC,658
3454,CGAATA,107
3455,GCGGCA,232
3456,CGGCAC,229
3457,GTTACA,802
3458,TACACG,138
3459,GCGGTT,169
3460,GCCAGC,1119
3461,CAGACC,1018
3462,GACCGC,155
3463,ACCGCC,253
3464,CCGCCG,208
3465,CGCCGG,152
3466,CCGGTC,173
3467,GTCTGA,874
3468,AGGTCC,790
3469,GGTCCA,745
3470,CTTGCC,993
3471,GCTGGC,1073
3472,ATCCAC,1082
3473,TTCGTC,145
3474,CCCTCT,1801
3475,ATACTG,883
3476,ACGAAC,99
3477,CCTCGA,233
3478,CGAGAA,272
3479,AGTTTA,1157
3480,TTAGGT,768
3481,GCAGGT,1195
3482,GGTAAT,675
3483,TTGGCG,148
3484,TGGCGA,245
3485,CTGTAT,975
3486,TCCGCA,208
3487,CCGCAG,382
3488,GTTACG,80
3489,AGGGTC,1069
3490,GGGTCT,1162
3491,TCTTCG,199
3492,CTTCGA,146
3493,TTCGAA,119
3494,TTACAT,1304
3495,TCCGTG,250
3496,CCGTGG,365
3497,CGTGGG,384
3498,CGTCTA,101
3499,GTCTAC,425
3500,CTACCC,734
3501,GGCCTG,1517
3502,AGACTT,1199
3503,TCTGAC,1036
3504,GACGGT,145
3505,GGCGAA,204
3506,GCGAAA,215
3507,TTACTC,803
3508,GCTCCG,356
3509,GTAACC,499
3510,TAACCG,83
3511,ACCGCG,204
3512,CGCGTA,18
3513,GCGTAT,97
3514,CGTATC,105
3515,AGCGCG,89
3516,GCGAGC,182
3517,CGAGCC,245
3518,CTGTCC,1343
3519,ATACAG,1043
3520,CCAACG,171
3521,CAACGC,126
3522,GCTCCT,1516
3523,CCTGCG,329
3524,CGACCG,45
3525,AGCGGG,340
3526,GGCGTC,191
3527,GCGTCA,131
3528,CGTCAG,168
3529,CTGCGT,213
3530,TGCGTA,107
3531,CGTATG,125
3532,ATAATC,987
3533,ATCCGT,120
3534,CGTCAC,201
3535,GTCACT,907
3536,TAGTTG,604
3537,CTTCCA,1810
3538,CTACAT,836
3539,TCATTA,1191
3540,CATCCC,1311
3541,CAACCC,882
3542,TGCTCC,1249
3543,CTCATC,1250
3544,CCATGG,1291
3545,AACGGT,126
3546,ACGGTC,134
3547,TACAGT,1055
3548,ACAGTG,1679
3549,TTGCTA,792
3550,TGCTAC,576
3551,TACATC,648
3552,ATCATG,1262
3553,CTAAGG,789
3554,GAATAC,728
3555,GTTGAC,469
3556,ACGGTT,128
3557,CGGTTA,107
3558,GAGATA,1042
3559,ATATTG,1115
3560,ACCTTA,715
3561,ACCTAC,604
3562,CAATTT,1510
3563,TAACAG,893
3564,TCTTAT,1153
3565,TGGTAA,883
3566,GAGCTT,915
3567,GCATGT,897
3568,ATGTAA,1368
3569,TCCTAC,770
3570,AACGGA,171
3571,ACGGAG,446
3572,CAGCGA,308
3573,GGTTCG,115
3574,TTCGAT,107
3575,TCGATG,134
3576,CGATGT,129
3577,TAAGAC,734
3578,TAGGCT,728
3579,AATTCG,147
3580,ATTCGA,134
3581,GCGCAT,176
3582,CGCATG,184
3583,ACTTGG,1219
3584,AGTAAC,668
3585,CTGCTA,791
3586,TGCTAG,689
3587,GCTAGA,615
3588,CCTAAC,609
3589,TGGTCG,150
3590,GGTCGA,103
3591,AGGTAC,598
3592,GATTAG,612
3593,TACATG,1028
3594,ACATGC,993
3595,GAACTT,1082
3596,TGTCAC,1194
3597,AGGCAC,1193
3598,ACGTAC,95
3599,CGTACC,77
3600,CCCACC,2458
3601,GCTACC,510
3602,CACGTC,258
3603,ACGTCT,231
3604,CGTCTG,275
3605,TGGCCT,1795
3606,TAATCG,82
3607,ATCGAT,112
3608,TCGATA,98
3609,CAGAAC,1197
3610,ACAGTA,982
3611,CAGTAT,900
3612,ACTACT,722
3613,CAGGAC,1200
3614,ACTTAG,724
3615,ACCTAA,744
3616,CTAACT,687
3617,AGTCAT,990
3618,GGATAT,868
3619,TATCAC,744
3620,GAACCG,185
3621,ATGGGC,845
3622,CGAAAC,211
3623,CCGTCG,59
3624,CGTCGC,70
3625,GTCGCA,107
3626,CGCAGA,257
3627,AGGTCG,203
3628,CGGAGC,355
3629,GAGCGT,140
3630,AGCGTT,116
3631,GCGTTC,123
3632,CGTTCC,193
3633,CCTCGC,332
3634,CTCGCA,177
3635,GGCCCA,1236
3636,AGCCTA,790
3637,CTGCGC,316
3638,TGCGCT,212
3639,GCGCTT,185
3640,GAAGGT,1068
3641,GAGCAC,796
3642,TGGCCG,408
3643,TACCTG,1050
3644,CGTGGT,597
3645,GCACAT,1010
3646,TATCGT,106
3647,GCCGAC,129
3648,CCGACA,153
3649,GCGTTG,109
3650,GTGGCC,988
3651,GGCCTT,1097
3652,GCCTTG,1178
3653,CCTTGC,943
3654,GCTGCG,302
3655,ACCTTG,1152
3656,CCGTTC,152
3657,TTTGGC,1058
3658,GCTAGG,740
3659,CCGGAT,155
3660,ATCGTT,159
3661,CGTTTG,178
3662,GAACCT,1022
3663,CATTGC,974
3664,TCGAAT,119
3665,CGAATC,106
3666,GGCGGT,239
3667,TCATGC,1144
3668,GCGAAT,115
3669,ACCGAG,267
3670,ACACGG,370
3671,ACTCGC,142
3672,CGCTGG,340
3673,GAGCGC,216
3674,AGTATC,582
3675,TCACGT,253
3676,CACGTG,398
3677,ACGTGA,274
3678,AATAGG,963
3679,TCACGG,247
3680,ACGGTA,105
3681,CGGTAA,108
3682,TTAGTC,568
3683,GTCCGT,129
3684,TCCGTT,171
3685,CTACCT,994
3686,GCGCAG,370
3687,TCACCG,317
3688,CACCGT,391
3689,CCGTAT,119
3690,CGTATT,152
3691,TTCCCG,300
3692,CCGGCG,136
3693,CGGCGT,87
3694,CATAGC,648
3695,CTTCGG,239
3696,GGACCT,875
3697,GAAGTA,763
3698,CCCCAT,1613
3699,AGTCTA,653
3700,CATTAC,657
3701,TACTAC,489
3702,TCCAAT,896
3703,CTAGAC,530
3704,GACAGT,908
3705,GGGTCA,980
3706,GGTCAT,725
3707,GTCATG,799
3708,CGCGCA,107
3709,GGCTGC,1407
3710,CGGTGT,208
3711,CAGCTC,1717
3712,TGGCCC,1180
3713,CGGCTG,424
3714,CACGGG,277
3715,CTCGAC,141
3716,TCGACT,104
3717,CGACTA,72
3718,ATAGCG,105
3719,TAGCGG,126
3720,GCGGCG,209
3721,CGGCGC,156
3722,CGCGCC,370
3723,GGCGGC,513
3724,GATCTG,1006
3725,ATAACG,123
3726,TAACGA,101
3727,ACATCG,170
3728,GCATTG,675
3729,CCCTCG,320
3730,TCGTCA,150
3731,GTCATA,591
3732,ACGATT,151
3733,CGATTC,315
3734,GCGTGC,221
3735,CGTGCG,83
3736,CCCGAC,241
3737,CCGACC,189
3738,CGACCT,245
3739,TGATCG,149
3740,ATCGCC,211
3741,CGCCCC,494
3742,CCCCGC,561
3743,CGGACC,183
3744,TTAACG,101
3745,CGAGGA,339
3746,TCGTAT,116
3747,CCGTGT,301
3748,TCCCCG,433
3749,TTCGGT,121
3750,TCGGTT,138
3751,CGGTTG,126
3752,GTTGTC,589
3753,TCTGCG,219
3754,TGCGCA,180
3755,TTCGAC,109
3756,TCGACA,146
3757,AACGAC,124
3758,CCGGGG,448
3759,TCATAG,851
3760,AACCGA,186
3761,AGCCGC,293
3762,CACGCT,269
3763,ACGCTT,169
3764,TCGCAA,120
3765,CTTAGG,742
3766,TTACGT,154
3767,TACGTT,160
3768,TATACG,104
3769,TACGTG,184
3770,ACGTGC,225
3771,CGTGCA,222
3772,GGCTAT,571
3773,GTGCCG,220
3774,CGGGGC,546
3775,CCCCTC,1751
3776,GGTAAC,458
3777,CCGTGA,264
3778,TCGGTA,82
3779,CGGTAC,77
3780,TCGATT,106
3781,CGCAAA,166
3782,CGATGC,151
3783,TACGGG,116
3784,CGATAT,106
3785,TTAGGG,812
3786,GTGTTC,816
3787,CATAAG,814
3788,TATGGC,686
3789,GTGTGC,870
3790,ACGACT,127
3791,AGCTTA,682
3792,CTTGCG,157
3793,AGTACT,680
3794,CGACAT,112
3795,TGTACC,662
3796,GTCTAA,549
3797,GCGTTA,74
3798,CTAACC,525
3799,GACCTA,510
3800,GCTCGC,159
3801,CTCGCC,339
3802,CCTAGA,909
3803,AGCACG,208
3804,CGTTGG,166
3805,GGACGG,271
3806,ACGGGC,189
3807,GCTTAG,549
3808,GTCGAG,133
3809,TCGCGC,157
3810,CGCCGT,89
3811,CCGTTG,138
3812,CGTTGC,140
3813,GCGACG,67
3814,CGACGG,67
3815,AACGTC,171
3816,GTGCGC,188
3817,TGCGCG,100
3818,GTCCCG,247
3819,CCCGCT,324
3820,CCGCTC,308
3821,TGCGTG,248
3822,CTCGCG,75
3823,CGCGGA,92
3824,GCGCCA,395
3825,TACGCC,105
3826,GCCCAC,1217
3827,TAACGG,84
3828,CGTGCT,214
3829,TCGATC,203
3830,ATCCCG,238
3831,CTTACG,163
3832,ACGTTA,128
3833,CGTTAA,98
3834,CCGACG,64
3835,CGACGA,44
3836,GACGAT,141
3837,AGTCGA,128
3838,ATACGG,118
3839,TACGGT,110
3840,AGTGCG,163
3841,GCGCTG,303
3842,CGCTGC,359
3843,GCGGAC,152
3844,CGGACG,120
3845,CTATCC,594
3846,CGTCCC,276
3847,CCGAGC,267
3848,GCCGTG,277
3849,TCTCCG,303
3850,TCGACC,128
3851,GTTCGT,123
3852,CGTTTC,265
3853,CACGGC,306
3854,TTTACG,117
3855,ATGTCG,106
3856,CGCATT,130
3857,TCCCGT,251
3858,CTGCGG,367
3859,ACCCGA,170
3860,GCCGGC,258
3861,CGCTCG,84
3862,CTCGAT,249
3863,CGGCCC,368
3864,GGCCCC,1119
3865,GTCAGC,722
3866,TCGTTG,152
3867,TATGCG,83
3868,ATGCGT,122
3869,ACGGCC,202
3870,GGCATC,809
3871,CTCCTA,1099
3872,CGCATA,87
3873,TCTACG,103
3874,CTACGA,110
3875,TACGAC,80
3876,ACGACA,165
3877,CTAGCG,76
3878,TAGCGA,114
3879,ACACGT,272
3880,CCCGGT,248
3881,GGTCGT,114
3882,GTCGTG,142
3883,GCACGA,259
3884,ATCGAC,95
3885,GCGAAC,80
3886,CCTTAA,859
3887,CGAGCT,165
3888,CGACTT,134
3889,CGCTTC,225
3890,TGCCCC,1242
3891,GCCCCC,1093
3892,GTAGGT,597
3893,GCCCTC,1141
3894,GTACTG,635
3895,TGCGAA,121
3896,TACGTC,105
3897,CCGACT,172
3898,GATGCG,162
3899,GGTCAC,791
3900,ACCGGA,157
3901,ACCGGT,90
3902,CGGTTC,159
3903,GTCGAT,73
3904,GGACGA,155
3905,CGTTAT,113
3906,TACGGA,113
3907,AGCCCG,325
3908,CCGGTG,208
3909,GGCGTT,160
3910,AGTACG,102
3911,GTACGC,70
3912,TACGCG,29
3913,GCCGCT,276
3914,CCGCTG,364
3915,ATGGCC,943
3916,GGCCGT,192
3917,CATACC,582
3918,ATCGGA,100
3919,CGATCA,137
3920,TGCCGA,189
3921,TACCGC,90
3922,CTACGG,115
3923,GCGGTA,94
3924,TCCGCG,100
3925,CCGCGA,91
3926,CGCGAA,46
3927,TAGGCG,185
3928,CCTACG,144
3929,GATTCG,130
3930,TTCCGG,258
3931,TGTCGT,128
3932,GTCGTA,66
3933,GGACAC,975
3934,CGATAC,82
3935,TAGGTC,480
3936,CTGGCG,325
3937,GTACCG,69
3938,CATTCG,131
3939,GTTCCG,144
3940,GACACG,234
3941,GGCGCT,250
3942,CTCCGA,206
3943,TCCGAG,244
3944,TCGTGA,297
3945,GCGTAC,45
3946,CGTACA,119
3947,GTAGCG,127
3948,GCGGTC,139
3949,CGGTCA,162
3950,ACCGTG,389
3951,GCCGTA,83
3952,CCGTAG,114
3953,CGTAGT,118
3954,TCCGAT,98
3955,CCGATG,135
3956,CGCAGC,311
3957,GCTATC,391
3958,GTCCGA,121
3959,CCGATA,73
3960,ATACCG,94
3961,GCCGAT,127
3962,GGTCCG,171
3963,CGCTCA,205
3964,CCGCGG,225
3965,CCGCAA,196
3966,TAGTCG,71
3967,CGGCGG,181
3968,CCGAAC,117
3969,GATCGG,94
3970,ACCCGC,280
3971,CATCCG,175
3972,ATCCGA,105
3973,TCCGAC,120
3974,TGTCCG,157
3975,CGGACA,189
3976,GTATCG,70
3977,TATCGG,80
3978,GTCGGG,311
3979,TGTACG,105
3980,GCGTAG,114
3981,TTACGG,122
3982,CCCGTA,128
3983,CACCGA,168
3984,GCCCGA,211
3985,TCCGTA,112
3986,CGTAGC,96
3987,TCGCCG,92
3988,AGTCGT,121
3989,ACCGTC,143
3990,CGTCGT,42
3991,GTCGTC,103
3992,CGCCCT,350
3993,CGGTCG,52
3994,AACGCC,155
3995,ACCGAC,88
3996,GACGAC,93
3997,TCCGGC,238
3998,CGATTA,106
3999,GTCGCG,60
4000,ATCGGT,96
4001,ACTACG,119
4002,CTACGT,165
4003,ACGCCG,83
4004,CGCCGA,79
4005,TTGCGC,145
4006,CCGATC,116
4007,GCGAGG,304
4008,TGTCGG,147
4009,AACGCA,160
4010,ACGCAT,114
4011,CCCGCA,280
4012,CGGGAC,243
4013,ATTGCG,143
4014,TTAGCG,83
4015,CGCGCT,130
4016,GACGGC,154
4017,TCGCTA,112
4018,TAGCGC,74
4019,AGCGCA,199
4020,GCGCAA,153
4021,ACGGCG,85
4022,CCCGCG,179
4023,GTAACG,87
4024,GCGCGT,78
4025,CGTGGC,283
4026,ACGCAC,169
4027,CGCACA,211
4028,TCGTCG,40
4029,TAGCGT,77
4030,GTCGCT,152
4031,GCACCG,198
4032,TGCGGC,215
4033,TTCCGA,166
4034,TGTTCG,106
4035,TCGTTA,120
4036,CGTTAC,85
4037,CCCGTG,301
4038,TCGAAG,149
4039,ACCGTT,118
4040,TTATCG,83
4041,TTACGC,77
4042,GTTCGC,66
4043,CCCGAA,185
4044,CCGAAT,129
4045,ATTCGC,104
4046,GCAACG,128
4047,ACGTCC,207
4048,GTCACG,172
4049,CCGTGC,287
4050,CGGTAT,78
4051,CTATCG,98
4052,TATCGC,95
4053,TCGGCA,167
4054,CGAACG,37
4055,GTGTCG,135
4056,CTCGTA,102
4057,ATTCCG,146
4058,TACCGT,96
4059,TCCGAA,136
4060,GCGTCG,56
4061,CGTCGA,26
4062,CGATAA,92
4063,GACCCG,173
4064,TCGGAC,118
4065,GCCCGT,211
4066,CGCGTT,42
4067,TACGAG,114
4068,GCGCTA,94
4069,CGCGAG,74
4070,AACCGT,132
4071,GGCCCG,337
4072,GTCGTT,94
4073,TATCCG,73
4074,CGACGC,64
4075,CCGTAC,77
4076,CCGCAT,153
4077,CGGTCC,188
4078,CGCTAA,80
4079,CGCAAC,126
4080,CTACGC,88
4081,CGTGAC,195
4082,GTACGA,83
4083,CGACCC,169
4084,GCTACG,112
4085,CGTCGG,67
4086,CGTCCG,78
4087,ACGTCG,50
4088,ACGCGA,37
4089,CGCTTA,94
4090,ACGACG,48
4091,TACGCA,92
4092,GTCGAC,68
4093,TCGACG,35
4094,CGTACG,22
4095,CGACGT,39
