2mer_index,Mutation Type,Frequency
AC,AC>CA,0
AC,AC>CG,0
AC,AC>CT,0
AC,AC>GA,0
AC,AC>GG,0
AC,AC>GT,0
AC,AC>TA,0
AC,AC>TG,0
AC,AC>TT,0
AT,AT>CA,0
AT,AT>CC,0
AT,AT>CG,0
AT,AT>GA,0
AT,AT>GC,0
AT,AT>TA,0
CC,CC>AA,6
CC,CC>AG,0
CC,CC>AT,2
CC,CC>GA,0
CC,CC>GG,0
CC,CC>GT,0
CC,CC>TA,0
CC,CC>TG,0
CC,CC>TT,0
CG,CG>AT,0
CG,CG>GC,0
CG,CG>GT,0
CG,CG>TA,0
CG,CG>TC,0
CG,CG>TT,0
CT,CT>AA,0
CT,CT>AC,0
CT,CT>AG,0
CT,CT>GA,0
CT,CT>GC,0
CT,CT>GG,0
CT,CT>TA,0
CT,CT>TC,0
CT,CT>TG,0
GC,GC>AA,0
GC,GC>AG,0
GC,GC>AT,0
GC,GC>CA,0
GC,GC>CG,0
GC,GC>TA,0
TA,TA>AT,0
TA,TA>CG,0
TA,TA>CT,0
TA,TA>GC,0
TA,TA>GG,0
TA,TA>GT,0
TC,TC>AA,0
TC,TC>AG,0
TC,TC>AT,0
TC,TC>CA,0
TC,TC>CG,0
TC,TC>CT,0
TC,TC>GA,0
TC,TC>GG,0
TC,TC>GT,0
TG,TG>AA,0
TG,TG>AC,0
TG,TG>AT,0
TG,TG>CA,0
TG,TG>CC,0
TG,TG>CT,0
TG,TG>GA,0
TG,TG>GC,0
TG,TG>GT,0
TT,TT>AA,0
TT,TT>AC,0
TT,TT>AG,0
TT,TT>CA,0
TT,TT>CC,0
TT,TT>CG,0
TT,TT>GA,0
TT,TT>GC,0
TT,TT>GG,0
